seed,ROI_i,ROI_j,mean_abs_shap
7,ROI_56,ROI_9,0.1876336
7,ROI_31,ROI_46,0.1775029
7,ROI_8,ROI_23,0.14271128
7,ROI_32,ROI_23,0.1387608
7,ROI_12,ROI_6,0.12254791
7,ROI_45,ROI_36,0.10170151
7,ROI_15,ROI_38,0.0984411
7,ROI_10,ROI_23,0.07906743
7,ROI_11,ROI_20,0.069863096
7,ROI_23,ROI_49,0.06812287
7,ROI_20,ROI_31,0.047483418
7,ROI_1,ROI_20,0.0474013
7,ROI_61,ROI_6,0.044536322
7,ROI_43,ROI_20,0.041507512
7,ROI_23,ROI_32,0.039167337
7,ROI_23,ROI_8,0.037399203
7,ROI_47,ROI_19,0.035650905
7,ROI_56,ROI_19,0.03521118
7,ROI_46,ROI_41,0.033795968
7,ROI_50,ROI_6,0.032979023
7,ROI_54,ROI_57,0.031910487
7,ROI_30,ROI_40,0.023396267
7,ROI_46,ROI_24,0.022694256
7,ROI_35,ROI_36,0.022073105
7,ROI_39,ROI_47,0.021744862
7,ROI_61,ROI_29,0.021154799
7,ROI_24,ROI_31,0.018472655
7,ROI_56,ROI_24,0.017876832
7,ROI_17,ROI_1,0.016650056
7,ROI_61,ROI_50,0.01661946
7,ROI_61,ROI_2,0.01661163
7,ROI_30,ROI_6,0.016153857
7,ROI_10,ROI_35,0.016129902
7,ROI_51,ROI_6,0.015689954
7,ROI_24,ROI_35,0.015606097
7,ROI_44,ROI_24,0.01484944
7,ROI_59,ROI_60,0.014459901
7,ROI_57,ROI_6,0.013547609
7,ROI_9,ROI_56,0.013336335
7,ROI_61,ROI_43,0.012996502
7,ROI_27,ROI_61,0.012599595
7,ROI_2,ROI_19,0.012527371
7,ROI_14,ROI_52,0.012471941
7,ROI_27,ROI_23,0.012277006
7,ROI_37,ROI_47,0.011735358
7,ROI_1,ROI_17,0.011702717
7,ROI_4,ROI_47,0.011587905
7,ROI_36,ROI_45,0.011440704
7,ROI_22,ROI_24,0.011090494
7,ROI_24,ROI_56,0.010805496
7,ROI_14,ROI_23,0.010697743
7,ROI_44,ROI_13,0.010423523
7,ROI_2,ROI_40,0.010277083
7,ROI_1,ROI_1,0.009671737
7,ROI_32,ROI_16,0.009634373
7,ROI_22,ROI_19,0.009476598
7,ROI_24,ROI_47,0.0093289465
7,ROI_37,ROI_18,0.009304476
7,ROI_13,ROI_24,0.009163952
7,ROI_60,ROI_2,0.008997916
7,ROI_20,ROI_43,0.008994972
7,ROI_60,ROI_47,0.008877764
7,ROI_24,ROI_28,0.008835188
7,ROI_45,ROI_12,0.008622199
7,ROI_55,ROI_13,0.008424039
7,ROI_41,ROI_60,0.008305535
7,ROI_12,ROI_39,0.008019682
7,ROI_34,ROI_48,0.0080010295
7,ROI_29,ROI_19,0.007982575
7,ROI_16,ROI_59,0.007935089
7,ROI_20,ROI_33,0.007916496
7,ROI_36,ROI_31,0.007524513
7,ROI_43,ROI_43,0.007521085
7,ROI_43,ROI_33,0.0074954815
7,ROI_1,ROI_39,0.007318061
7,ROI_44,ROI_6,0.007231595
7,ROI_53,ROI_59,0.007152754
7,ROI_37,ROI_32,0.007129451
7,ROI_39,ROI_8,0.0068254094
7,ROI_8,ROI_37,0.0064738607
7,ROI_58,ROI_53,0.0063975886
7,ROI_47,ROI_28,0.0063323746
7,ROI_16,ROI_2,0.006260523
7,ROI_6,ROI_61,0.006125805
7,ROI_60,ROI_48,0.0060853977
7,ROI_46,ROI_19,0.0058011343
7,ROI_42,ROI_44,0.0057842946
7,ROI_40,ROI_35,0.005662591
7,ROI_61,ROI_42,0.005497047
7,ROI_57,ROI_33,0.0052885083
7,ROI_10,ROI_10,0.004877787
7,ROI_3,ROI_49,0.0047316067
7,ROI_14,ROI_3,0.0043660323
7,ROI_17,ROI_24,0.004127509
7,ROI_40,ROI_2,0.003983672
7,ROI_19,ROI_3,0.003670532
7,ROI_3,ROI_8,0.0035510457
7,ROI_51,ROI_51,0.0034598024
7,ROI_3,ROI_24,0.003412979
7,ROI_5,ROI_22,0.0032291468
7,ROI_5,ROI_36,0.0032218066
7,ROI_15,ROI_52,0.0032148175
7,ROI_1,ROI_21,0.0031881966
7,ROI_5,ROI_58,0.0031795655
7,ROI_8,ROI_9,0.0031687377
7,ROI_5,ROI_2,0.0031541109
7,ROI_1,ROI_10,0.003016974
7,ROI_10,ROI_19,0.0028339
7,ROI_31,ROI_16,0.0027992402
7,ROI_52,ROI_61,0.0027727387
7,ROI_30,ROI_7,0.0027440544
7,ROI_5,ROI_53,0.0027213527
7,ROI_31,ROI_57,0.0026514393
7,ROI_13,ROI_11,0.0025966018
7,ROI_9,ROI_48,0.0025682463
7,ROI_4,ROI_32,0.002560335
7,ROI_16,ROI_49,0.0025565412
7,ROI_7,ROI_15,0.0025423516
7,ROI_6,ROI_58,0.0024749003
7,ROI_12,ROI_14,0.002424391
7,ROI_1,ROI_35,0.0024040083
7,ROI_17,ROI_56,0.0023799592
7,ROI_1,ROI_30,0.0023511283
7,ROI_5,ROI_59,0.002341369
7,ROI_57,ROI_49,0.0022991889
7,ROI_10,ROI_36,0.002285477
7,ROI_39,ROI_57,0.0022808705
7,ROI_27,ROI_36,0.002252151
7,ROI_3,ROI_33,0.0021483845
7,ROI_34,ROI_18,0.002130922
7,ROI_26,ROI_13,0.0021199367
7,ROI_34,ROI_5,0.0021168692
7,ROI_17,ROI_40,0.0020790647
7,ROI_7,ROI_36,0.00206349
7,ROI_28,ROI_1,0.002050912
7,ROI_11,ROI_10,0.0020504529
7,ROI_4,ROI_14,0.0020327673
7,ROI_37,ROI_10,0.0020007775
7,ROI_33,ROI_49,0.0019634645
7,ROI_1,ROI_15,0.0019527577
7,ROI_16,ROI_35,0.0019112689
7,ROI_43,ROI_2,0.0018720436
7,ROI_15,ROI_50,0.001867486
7,ROI_1,ROI_62,0.001849291
7,ROI_37,ROI_38,0.0018294586
7,ROI_2,ROI_14,0.0018100676
7,ROI_9,ROI_25,0.0017941035
7,ROI_1,ROI_28,0.0017736239
7,ROI_1,ROI_59,0.0016929037
7,ROI_11,ROI_28,0.0016927603
7,ROI_7,ROI_40,0.0016903193
7,ROI_23,ROI_46,0.0016762182
7,ROI_23,ROI_16,0.0015954289
7,ROI_27,ROI_57,0.0015892196
7,ROI_4,ROI_33,0.0015263993
7,ROI_11,ROI_45,0.0014924406
7,ROI_32,ROI_44,0.0014868365
7,ROI_8,ROI_58,0.001457232
7,ROI_4,ROI_4,0.0014501639
7,ROI_37,ROI_16,0.0014275571
7,ROI_33,ROI_21,0.0
7,ROI_43,ROI_9,0.0
7,ROI_43,ROI_8,0.0
7,ROI_43,ROI_14,0.0
7,ROI_43,ROI_15,0.0
7,ROI_43,ROI_10,0.0
7,ROI_43,ROI_7,0.0
7,ROI_43,ROI_6,0.0
7,ROI_43,ROI_5,0.0
7,ROI_43,ROI_3,0.0
7,ROI_43,ROI_11,0.0
7,ROI_43,ROI_4,0.0
7,ROI_43,ROI_16,0.0
7,ROI_43,ROI_12,0.0
7,ROI_43,ROI_13,0.0
7,ROI_34,ROI_36,0.0
7,ROI_43,ROI_1,0.0
7,ROI_42,ROI_62,0.0
7,ROI_42,ROI_40,0.0
7,ROI_42,ROI_41,0.0
7,ROI_42,ROI_42,0.0
7,ROI_42,ROI_43,0.0
7,ROI_33,ROI_25,0.0
7,ROI_42,ROI_45,0.0
7,ROI_42,ROI_46,0.0
7,ROI_42,ROI_47,0.0
7,ROI_42,ROI_48,0.0
7,ROI_42,ROI_49,0.0
7,ROI_42,ROI_50,0.0
7,ROI_42,ROI_51,0.0
7,ROI_42,ROI_52,0.0
7,ROI_33,ROI_24,0.0
7,ROI_33,ROI_23,0.0
7,ROI_42,ROI_53,0.0
7,ROI_42,ROI_54,0.0
7,ROI_42,ROI_55,0.0
7,ROI_42,ROI_56,0.0
7,ROI_33,ROI_22,0.0
7,ROI_42,ROI_57,0.0
7,ROI_42,ROI_58,0.0
7,ROI_42,ROI_59,0.0
7,ROI_42,ROI_60,0.0
7,ROI_43,ROI_17,0.0
7,ROI_42,ROI_61,0.0
7,ROI_43,ROI_23,0.0
7,ROI_43,ROI_18,0.0
7,ROI_43,ROI_56,0.0
7,ROI_43,ROI_45,0.0
7,ROI_43,ROI_46,0.0
7,ROI_43,ROI_47,0.0
7,ROI_43,ROI_48,0.0
7,ROI_43,ROI_49,0.0
7,ROI_43,ROI_50,0.0
7,ROI_43,ROI_51,0.0
7,ROI_43,ROI_52,0.0
7,ROI_43,ROI_53,0.0
7,ROI_43,ROI_54,0.0
7,ROI_43,ROI_55,0.0
7,ROI_43,ROI_57,0.0
7,ROI_43,ROI_19,0.0
7,ROI_43,ROI_58,0.0
7,ROI_33,ROI_15,0.0
7,ROI_43,ROI_59,0.0
7,ROI_43,ROI_60,0.0
7,ROI_43,ROI_61,0.0
7,ROI_43,ROI_62,0.0
7,ROI_44,ROI_1,0.0
7,ROI_44,ROI_2,0.0
7,ROI_44,ROI_3,0.0
7,ROI_44,ROI_4,0.0
7,ROI_44,ROI_5,0.0
7,ROI_43,ROI_44,0.0
7,ROI_33,ROI_16,0.0
7,ROI_43,ROI_42,0.0
7,ROI_43,ROI_41,0.0
7,ROI_33,ROI_20,0.0
7,ROI_33,ROI_19,0.0
7,ROI_43,ROI_21,0.0
7,ROI_43,ROI_22,0.0
7,ROI_42,ROI_38,0.0
7,ROI_43,ROI_24,0.0
7,ROI_43,ROI_25,0.0
7,ROI_43,ROI_26,0.0
7,ROI_43,ROI_27,0.0
7,ROI_43,ROI_28,0.0
7,ROI_43,ROI_29,0.0
7,ROI_43,ROI_30,0.0
7,ROI_43,ROI_31,0.0
7,ROI_43,ROI_32,0.0
7,ROI_33,ROI_18,0.0
7,ROI_33,ROI_17,0.0
7,ROI_43,ROI_34,0.0
7,ROI_43,ROI_35,0.0
7,ROI_43,ROI_36,0.0
7,ROI_43,ROI_37,0.0
7,ROI_43,ROI_38,0.0
7,ROI_43,ROI_39,0.0
7,ROI_43,ROI_40,0.0
7,ROI_42,ROI_39,0.0
7,ROI_42,ROI_29,0.0
7,ROI_42,ROI_37,0.0
7,ROI_41,ROI_37,0.0
7,ROI_41,ROI_27,0.0
7,ROI_41,ROI_28,0.0
7,ROI_41,ROI_29,0.0
7,ROI_41,ROI_30,0.0
7,ROI_41,ROI_31,0.0
7,ROI_41,ROI_32,0.0
7,ROI_33,ROI_33,0.0
7,ROI_41,ROI_33,0.0
7,ROI_41,ROI_34,0.0
7,ROI_41,ROI_35,0.0
7,ROI_41,ROI_36,0.0
7,ROI_41,ROI_38,0.0
7,ROI_42,ROI_36,0.0
7,ROI_41,ROI_39,0.0
7,ROI_41,ROI_40,0.0
7,ROI_41,ROI_41,0.0
7,ROI_41,ROI_42,0.0
7,ROI_33,ROI_32,0.0
7,ROI_41,ROI_43,0.0
7,ROI_41,ROI_44,0.0
7,ROI_41,ROI_45,0.0
7,ROI_41,ROI_46,0.0
7,ROI_41,ROI_47,0.0
7,ROI_33,ROI_31,0.0
7,ROI_41,ROI_26,0.0
7,ROI_41,ROI_25,0.0
7,ROI_41,ROI_24,0.0
7,ROI_41,ROI_23,0.0
7,ROI_33,ROI_35,0.0
7,ROI_41,ROI_2,0.0
7,ROI_41,ROI_3,0.0
7,ROI_41,ROI_4,0.0
7,ROI_41,ROI_5,0.0
7,ROI_41,ROI_6,0.0
7,ROI_41,ROI_7,0.0
7,ROI_41,ROI_8,0.0
7,ROI_41,ROI_9,0.0
7,ROI_41,ROI_10,0.0
7,ROI_41,ROI_11,0.0
7,ROI_41,ROI_12,0.0
7,ROI_41,ROI_13,0.0
7,ROI_41,ROI_14,0.0
7,ROI_41,ROI_15,0.0
7,ROI_33,ROI_34,0.0
7,ROI_41,ROI_16,0.0
7,ROI_41,ROI_17,0.0
7,ROI_41,ROI_18,0.0
7,ROI_41,ROI_19,0.0
7,ROI_41,ROI_20,0.0
7,ROI_41,ROI_21,0.0
7,ROI_41,ROI_22,0.0
7,ROI_41,ROI_48,0.0
7,ROI_41,ROI_49,0.0
7,ROI_41,ROI_50,0.0
7,ROI_42,ROI_13,0.0
7,ROI_42,ROI_15,0.0
7,ROI_42,ROI_16,0.0
7,ROI_42,ROI_17,0.0
7,ROI_42,ROI_18,0.0
7,ROI_42,ROI_19,0.0
7,ROI_42,ROI_20,0.0
7,ROI_42,ROI_21,0.0
7,ROI_33,ROI_27,0.0
7,ROI_42,ROI_22,0.0
7,ROI_42,ROI_23,0.0
7,ROI_42,ROI_24,0.0
7,ROI_42,ROI_25,0.0
7,ROI_42,ROI_26,0.0
7,ROI_42,ROI_27,0.0
7,ROI_42,ROI_28,0.0
7,ROI_33,ROI_26,0.0
7,ROI_44,ROI_7,0.0
7,ROI_42,ROI_30,0.0
7,ROI_42,ROI_31,0.0
7,ROI_42,ROI_32,0.0
7,ROI_42,ROI_33,0.0
7,ROI_42,ROI_34,0.0
7,ROI_42,ROI_35,0.0
7,ROI_42,ROI_14,0.0
7,ROI_42,ROI_12,0.0
7,ROI_41,ROI_51,0.0
7,ROI_42,ROI_11,0.0
7,ROI_41,ROI_52,0.0
7,ROI_41,ROI_53,0.0
7,ROI_41,ROI_54,0.0
7,ROI_41,ROI_55,0.0
7,ROI_41,ROI_56,0.0
7,ROI_41,ROI_57,0.0
7,ROI_41,ROI_58,0.0
7,ROI_41,ROI_59,0.0
7,ROI_33,ROI_30,0.0
7,ROI_41,ROI_61,0.0
7,ROI_41,ROI_62,0.0
7,ROI_42,ROI_1,0.0
7,ROI_42,ROI_2,0.0
7,ROI_42,ROI_3,0.0
7,ROI_42,ROI_4,0.0
7,ROI_42,ROI_5,0.0
7,ROI_42,ROI_6,0.0
7,ROI_42,ROI_7,0.0
7,ROI_33,ROI_29,0.0
7,ROI_33,ROI_28,0.0
7,ROI_42,ROI_8,0.0
7,ROI_42,ROI_9,0.0
7,ROI_42,ROI_10,0.0
7,ROI_33,ROI_14,0.0
7,ROI_33,ROI_12,0.0
7,ROI_44,ROI_8,0.0
7,ROI_46,ROI_27,0.0
7,ROI_46,ROI_16,0.0
7,ROI_46,ROI_17,0.0
7,ROI_46,ROI_18,0.0
7,ROI_32,ROI_62,0.0
7,ROI_46,ROI_20,0.0
7,ROI_46,ROI_21,0.0
7,ROI_46,ROI_22,0.0
7,ROI_46,ROI_23,0.0
7,ROI_32,ROI_61,0.0
7,ROI_46,ROI_25,0.0
7,ROI_46,ROI_26,0.0
7,ROI_46,ROI_28,0.0
7,ROI_46,ROI_14,0.0
7,ROI_46,ROI_29,0.0
7,ROI_46,ROI_30,0.0
7,ROI_46,ROI_31,0.0
7,ROI_46,ROI_32,0.0
7,ROI_46,ROI_33,0.0
7,ROI_46,ROI_34,0.0
7,ROI_46,ROI_35,0.0
7,ROI_46,ROI_36,0.0
7,ROI_46,ROI_37,0.0
7,ROI_46,ROI_38,0.0
7,ROI_46,ROI_39,0.0
7,ROI_46,ROI_15,0.0
7,ROI_46,ROI_13,0.0
7,ROI_33,ROI_2,0.0
7,ROI_45,ROI_62,0.0
7,ROI_45,ROI_51,0.0
7,ROI_45,ROI_52,0.0
7,ROI_45,ROI_53,0.0
7,ROI_45,ROI_54,0.0
7,ROI_45,ROI_55,0.0
7,ROI_45,ROI_56,0.0
7,ROI_45,ROI_57,0.0
7,ROI_45,ROI_58,0.0
7,ROI_45,ROI_59,0.0
7,ROI_45,ROI_60,0.0
7,ROI_45,ROI_61,0.0
7,ROI_46,ROI_1,0.0
7,ROI_46,ROI_12,0.0
7,ROI_46,ROI_2,0.0
7,ROI_46,ROI_3,0.0
7,ROI_46,ROI_4,0.0
7,ROI_46,ROI_5,0.0
7,ROI_46,ROI_6,0.0
7,ROI_33,ROI_1,0.0
7,ROI_46,ROI_7,0.0
7,ROI_46,ROI_8,0.0
7,ROI_46,ROI_9,0.0
7,ROI_46,ROI_10,0.0
7,ROI_46,ROI_11,0.0
7,ROI_46,ROI_40,0.0
7,ROI_32,ROI_60,0.0
7,ROI_46,ROI_42,0.0
7,ROI_47,ROI_16,0.0
7,ROI_47,ROI_7,0.0
7,ROI_47,ROI_8,0.0
7,ROI_47,ROI_9,0.0
7,ROI_47,ROI_10,0.0
7,ROI_47,ROI_11,0.0
7,ROI_47,ROI_12,0.0
7,ROI_47,ROI_13,0.0
7,ROI_47,ROI_14,0.0
7,ROI_32,ROI_57,0.0
7,ROI_32,ROI_56,0.0
7,ROI_47,ROI_15,0.0
7,ROI_47,ROI_17,0.0
7,ROI_32,ROI_59,0.0
7,ROI_47,ROI_18,0.0
7,ROI_32,ROI_55,0.0
7,ROI_47,ROI_20,0.0
7,ROI_47,ROI_21,0.0
7,ROI_47,ROI_22,0.0
7,ROI_47,ROI_23,0.0
7,ROI_47,ROI_24,0.0
7,ROI_47,ROI_25,0.0
7,ROI_47,ROI_26,0.0
7,ROI_47,ROI_27,0.0
7,ROI_32,ROI_54,0.0
7,ROI_47,ROI_6,0.0
7,ROI_47,ROI_5,0.0
7,ROI_47,ROI_4,0.0
7,ROI_47,ROI_3,0.0
7,ROI_46,ROI_43,0.0
7,ROI_46,ROI_44,0.0
7,ROI_46,ROI_45,0.0
7,ROI_46,ROI_46,0.0
7,ROI_46,ROI_47,0.0
7,ROI_46,ROI_48,0.0
7,ROI_46,ROI_49,0.0
7,ROI_46,ROI_50,0.0
7,ROI_46,ROI_51,0.0
7,ROI_46,ROI_52,0.0
7,ROI_46,ROI_53,0.0
7,ROI_46,ROI_54,0.0
7,ROI_32,ROI_58,0.0
7,ROI_46,ROI_55,0.0
7,ROI_46,ROI_56,0.0
7,ROI_46,ROI_57,0.0
7,ROI_46,ROI_58,0.0
7,ROI_46,ROI_59,0.0
7,ROI_46,ROI_60,0.0
7,ROI_46,ROI_61,0.0
7,ROI_46,ROI_62,0.0
7,ROI_47,ROI_1,0.0
7,ROI_47,ROI_2,0.0
7,ROI_45,ROI_50,0.0
7,ROI_45,ROI_49,0.0
7,ROI_44,ROI_9,0.0
7,ROI_44,ROI_45,0.0
7,ROI_44,ROI_36,0.0
7,ROI_44,ROI_37,0.0
7,ROI_44,ROI_38,0.0
7,ROI_44,ROI_39,0.0
7,ROI_44,ROI_40,0.0
7,ROI_33,ROI_9,0.0
7,ROI_44,ROI_41,0.0
7,ROI_33,ROI_8,0.0
7,ROI_44,ROI_42,0.0
7,ROI_44,ROI_43,0.0
7,ROI_44,ROI_44,0.0
7,ROI_44,ROI_46,0.0
7,ROI_44,ROI_34,0.0
7,ROI_44,ROI_47,0.0
7,ROI_44,ROI_48,0.0
7,ROI_44,ROI_49,0.0
7,ROI_44,ROI_50,0.0
7,ROI_44,ROI_51,0.0
7,ROI_44,ROI_52,0.0
7,ROI_44,ROI_53,0.0
7,ROI_33,ROI_7,0.0
7,ROI_44,ROI_54,0.0
7,ROI_33,ROI_6,0.0
7,ROI_44,ROI_55,0.0
7,ROI_44,ROI_35,0.0
7,ROI_44,ROI_33,0.0
7,ROI_45,ROI_48,0.0
7,ROI_44,ROI_20,0.0
7,ROI_33,ROI_13,0.0
7,ROI_44,ROI_10,0.0
7,ROI_44,ROI_11,0.0
7,ROI_44,ROI_12,0.0
7,ROI_40,ROI_62,0.0
7,ROI_44,ROI_14,0.0
7,ROI_44,ROI_15,0.0
7,ROI_44,ROI_16,0.0
7,ROI_44,ROI_17,0.0
7,ROI_44,ROI_18,0.0
7,ROI_44,ROI_19,0.0
7,ROI_44,ROI_21,0.0
7,ROI_44,ROI_32,0.0
7,ROI_44,ROI_22,0.0
7,ROI_44,ROI_23,0.0
7,ROI_33,ROI_11,0.0
7,ROI_44,ROI_25,0.0
7,ROI_44,ROI_26,0.0
7,ROI_44,ROI_27,0.0
7,ROI_44,ROI_28,0.0
7,ROI_44,ROI_29,0.0
7,ROI_44,ROI_30,0.0
7,ROI_44,ROI_31,0.0
7,ROI_33,ROI_10,0.0
7,ROI_44,ROI_56,0.0
7,ROI_44,ROI_57,0.0
7,ROI_44,ROI_58,0.0
7,ROI_33,ROI_4,0.0
7,ROI_45,ROI_25,0.0
7,ROI_45,ROI_26,0.0
7,ROI_45,ROI_27,0.0
7,ROI_45,ROI_28,0.0
7,ROI_45,ROI_29,0.0
7,ROI_45,ROI_30,0.0
7,ROI_45,ROI_31,0.0
7,ROI_45,ROI_32,0.0
7,ROI_45,ROI_33,0.0
7,ROI_45,ROI_34,0.0
7,ROI_45,ROI_35,0.0
7,ROI_45,ROI_37,0.0
7,ROI_44,ROI_59,0.0
7,ROI_33,ROI_3,0.0
7,ROI_45,ROI_38,0.0
7,ROI_45,ROI_39,0.0
7,ROI_45,ROI_40,0.0
7,ROI_45,ROI_41,0.0
7,ROI_45,ROI_42,0.0
7,ROI_45,ROI_43,0.0
7,ROI_45,ROI_44,0.0
7,ROI_45,ROI_45,0.0
7,ROI_45,ROI_46,0.0
7,ROI_45,ROI_47,0.0
7,ROI_45,ROI_24,0.0
7,ROI_45,ROI_23,0.0
7,ROI_45,ROI_22,0.0
7,ROI_45,ROI_21,0.0
7,ROI_44,ROI_60,0.0
7,ROI_44,ROI_61,0.0
7,ROI_44,ROI_62,0.0
7,ROI_45,ROI_1,0.0
7,ROI_45,ROI_2,0.0
7,ROI_45,ROI_3,0.0
7,ROI_45,ROI_4,0.0
7,ROI_45,ROI_5,0.0
7,ROI_45,ROI_6,0.0
7,ROI_45,ROI_7,0.0
7,ROI_45,ROI_8,0.0
7,ROI_45,ROI_9,0.0
7,ROI_45,ROI_10,0.0
7,ROI_45,ROI_11,0.0
7,ROI_33,ROI_5,0.0
7,ROI_45,ROI_13,0.0
7,ROI_45,ROI_14,0.0
7,ROI_45,ROI_15,0.0
7,ROI_45,ROI_16,0.0
7,ROI_45,ROI_17,0.0
7,ROI_45,ROI_18,0.0
7,ROI_45,ROI_19,0.0
7,ROI_45,ROI_20,0.0
7,ROI_41,ROI_1,0.0
7,ROI_33,ROI_36,0.0
7,ROI_40,ROI_61,0.0
7,ROI_36,ROI_44,0.0
7,ROI_36,ROI_35,0.0
7,ROI_36,ROI_36,0.0
7,ROI_36,ROI_37,0.0
7,ROI_36,ROI_38,0.0
7,ROI_36,ROI_39,0.0
7,ROI_36,ROI_40,0.0
7,ROI_36,ROI_41,0.0
7,ROI_34,ROI_14,0.0
7,ROI_34,ROI_13,0.0
7,ROI_36,ROI_42,0.0
7,ROI_36,ROI_43,0.0
7,ROI_34,ROI_12,0.0
7,ROI_36,ROI_33,0.0
7,ROI_36,ROI_46,0.0
7,ROI_36,ROI_47,0.0
7,ROI_36,ROI_48,0.0
7,ROI_36,ROI_49,0.0
7,ROI_36,ROI_50,0.0
7,ROI_36,ROI_51,0.0
7,ROI_36,ROI_52,0.0
7,ROI_36,ROI_53,0.0
7,ROI_36,ROI_54,0.0
7,ROI_36,ROI_55,0.0
7,ROI_36,ROI_56,0.0
7,ROI_36,ROI_34,0.0
7,ROI_36,ROI_32,0.0
7,ROI_37,ROI_49,0.0
7,ROI_36,ROI_19,0.0
7,ROI_36,ROI_10,0.0
7,ROI_34,ROI_19,0.0
7,ROI_36,ROI_11,0.0
7,ROI_36,ROI_12,0.0
7,ROI_34,ROI_17,0.0
7,ROI_36,ROI_13,0.0
7,ROI_36,ROI_14,0.0
7,ROI_36,ROI_15,0.0
7,ROI_36,ROI_16,0.0
7,ROI_36,ROI_17,0.0
7,ROI_36,ROI_18,0.0
7,ROI_36,ROI_20,0.0
7,ROI_34,ROI_15,0.0
7,ROI_36,ROI_21,0.0
7,ROI_36,ROI_22,0.0
7,ROI_36,ROI_23,0.0
7,ROI_36,ROI_24,0.0
7,ROI_36,ROI_25,0.0
7,ROI_36,ROI_26,0.0
7,ROI_36,ROI_27,0.0
7,ROI_36,ROI_28,0.0
7,ROI_34,ROI_16,0.0
7,ROI_36,ROI_29,0.0
7,ROI_36,ROI_30,0.0
7,ROI_34,ROI_11,0.0
7,ROI_36,ROI_57,0.0
7,ROI_36,ROI_58,0.0
7,ROI_37,ROI_35,0.0
7,ROI_37,ROI_25,0.0
7,ROI_37,ROI_26,0.0
7,ROI_37,ROI_27,0.0
7,ROI_37,ROI_28,0.0
7,ROI_37,ROI_29,0.0
7,ROI_37,ROI_30,0.0
7,ROI_34,ROI_7,0.0
7,ROI_37,ROI_31,0.0
7,ROI_34,ROI_6,0.0
7,ROI_37,ROI_33,0.0
7,ROI_37,ROI_34,0.0
7,ROI_37,ROI_36,0.0
7,ROI_36,ROI_59,0.0
7,ROI_37,ROI_37,0.0
7,ROI_37,ROI_39,0.0
7,ROI_37,ROI_40,0.0
7,ROI_37,ROI_41,0.0
7,ROI_34,ROI_4,0.0
7,ROI_37,ROI_42,0.0
7,ROI_37,ROI_43,0.0
7,ROI_37,ROI_44,0.0
7,ROI_37,ROI_45,0.0
7,ROI_37,ROI_46,0.0
7,ROI_34,ROI_3,0.0
7,ROI_37,ROI_24,0.0
7,ROI_37,ROI_23,0.0
7,ROI_37,ROI_22,0.0
7,ROI_37,ROI_21,0.0
7,ROI_36,ROI_60,0.0
7,ROI_34,ROI_10,0.0
7,ROI_34,ROI_9,0.0
7,ROI_36,ROI_61,0.0
7,ROI_36,ROI_62,0.0
7,ROI_37,ROI_1,0.0
7,ROI_37,ROI_2,0.0
7,ROI_37,ROI_3,0.0
7,ROI_37,ROI_4,0.0
7,ROI_37,ROI_5,0.0
7,ROI_37,ROI_6,0.0
7,ROI_37,ROI_7,0.0
7,ROI_37,ROI_8,0.0
7,ROI_37,ROI_9,0.0
7,ROI_37,ROI_11,0.0
7,ROI_37,ROI_12,0.0
7,ROI_37,ROI_13,0.0
7,ROI_37,ROI_14,0.0
7,ROI_37,ROI_15,0.0
7,ROI_37,ROI_17,0.0
7,ROI_34,ROI_8,0.0
7,ROI_37,ROI_19,0.0
7,ROI_37,ROI_20,0.0
7,ROI_36,ROI_9,0.0
7,ROI_36,ROI_8,0.0
7,ROI_36,ROI_7,0.0
7,ROI_35,ROI_6,0.0
7,ROI_34,ROI_58,0.0
7,ROI_34,ROI_59,0.0
7,ROI_34,ROI_60,0.0
7,ROI_34,ROI_61,0.0
7,ROI_34,ROI_62,0.0
7,ROI_35,ROI_1,0.0
7,ROI_35,ROI_2,0.0
7,ROI_35,ROI_3,0.0
7,ROI_35,ROI_4,0.0
7,ROI_35,ROI_5,0.0
7,ROI_34,ROI_27,0.0
7,ROI_35,ROI_7,0.0
7,ROI_35,ROI_20,0.0
7,ROI_35,ROI_8,0.0
7,ROI_35,ROI_9,0.0
7,ROI_35,ROI_10,0.0
7,ROI_35,ROI_11,0.0
7,ROI_35,ROI_12,0.0
7,ROI_35,ROI_13,0.0
7,ROI_35,ROI_14,0.0
7,ROI_35,ROI_15,0.0
7,ROI_35,ROI_16,0.0
7,ROI_35,ROI_17,0.0
7,ROI_35,ROI_18,0.0
7,ROI_34,ROI_57,0.0
7,ROI_34,ROI_28,0.0
7,ROI_34,ROI_56,0.0
7,ROI_34,ROI_55,0.0
7,ROI_34,ROI_37,0.0
7,ROI_34,ROI_38,0.0
7,ROI_34,ROI_39,0.0
7,ROI_34,ROI_34,0.0
7,ROI_34,ROI_40,0.0
7,ROI_34,ROI_41,0.0
7,ROI_34,ROI_42,0.0
7,ROI_34,ROI_43,0.0
7,ROI_34,ROI_44,0.0
7,ROI_34,ROI_45,0.0
7,ROI_34,ROI_46,0.0
7,ROI_34,ROI_47,0.0
7,ROI_34,ROI_33,0.0
7,ROI_34,ROI_32,0.0
7,ROI_34,ROI_49,0.0
7,ROI_34,ROI_50,0.0
7,ROI_34,ROI_51,0.0
7,ROI_34,ROI_52,0.0
7,ROI_34,ROI_53,0.0
7,ROI_34,ROI_54,0.0
7,ROI_34,ROI_31,0.0
7,ROI_34,ROI_30,0.0
7,ROI_34,ROI_29,0.0
7,ROI_35,ROI_19,0.0
7,ROI_35,ROI_21,0.0
7,ROI_36,ROI_6,0.0
7,ROI_35,ROI_56,0.0
7,ROI_35,ROI_45,0.0
7,ROI_35,ROI_46,0.0
7,ROI_35,ROI_47,0.0
7,ROI_35,ROI_48,0.0
7,ROI_35,ROI_49,0.0
7,ROI_35,ROI_50,0.0
7,ROI_35,ROI_51,0.0
7,ROI_35,ROI_52,0.0
7,ROI_35,ROI_53,0.0
7,ROI_35,ROI_54,0.0
7,ROI_35,ROI_55,0.0
7,ROI_34,ROI_20,0.0
7,ROI_35,ROI_22,0.0
7,ROI_35,ROI_57,0.0
7,ROI_35,ROI_58,0.0
7,ROI_35,ROI_59,0.0
7,ROI_35,ROI_60,0.0
7,ROI_35,ROI_61,0.0
7,ROI_35,ROI_62,0.0
7,ROI_36,ROI_1,0.0
7,ROI_36,ROI_2,0.0
7,ROI_36,ROI_3,0.0
7,ROI_36,ROI_4,0.0
7,ROI_36,ROI_5,0.0
7,ROI_35,ROI_44,0.0
7,ROI_34,ROI_21,0.0
7,ROI_35,ROI_43,0.0
7,ROI_35,ROI_42,0.0
7,ROI_35,ROI_23,0.0
7,ROI_35,ROI_24,0.0
7,ROI_35,ROI_25,0.0
7,ROI_35,ROI_26,0.0
7,ROI_34,ROI_26,0.0
7,ROI_34,ROI_25,0.0
7,ROI_35,ROI_27,0.0
7,ROI_35,ROI_28,0.0
7,ROI_35,ROI_29,0.0
7,ROI_35,ROI_30,0.0
7,ROI_35,ROI_31,0.0
7,ROI_35,ROI_32,0.0
7,ROI_35,ROI_33,0.0
7,ROI_34,ROI_24,0.0
7,ROI_35,ROI_34,0.0
7,ROI_35,ROI_35,0.0
7,ROI_34,ROI_23,0.0
7,ROI_34,ROI_22,0.0
7,ROI_35,ROI_37,0.0
7,ROI_35,ROI_38,0.0
7,ROI_35,ROI_39,0.0
7,ROI_35,ROI_40,0.0
7,ROI_35,ROI_41,0.0
7,ROI_37,ROI_48,0.0
7,ROI_37,ROI_50,0.0
7,ROI_40,ROI_60,0.0
7,ROI_40,ROI_3,0.0
7,ROI_39,ROI_53,0.0
7,ROI_39,ROI_54,0.0
7,ROI_39,ROI_55,0.0
7,ROI_39,ROI_56,0.0
7,ROI_39,ROI_58,0.0
7,ROI_39,ROI_59,0.0
7,ROI_39,ROI_60,0.0
7,ROI_39,ROI_61,0.0
7,ROI_39,ROI_62,0.0
7,ROI_47,ROI_29,0.0
7,ROI_33,ROI_48,0.0
7,ROI_40,ROI_4,0.0
7,ROI_39,ROI_51,0.0
7,ROI_40,ROI_5,0.0
7,ROI_40,ROI_6,0.0
7,ROI_33,ROI_47,0.0
7,ROI_40,ROI_7,0.0
7,ROI_40,ROI_8,0.0
7,ROI_40,ROI_9,0.0
7,ROI_40,ROI_10,0.0
7,ROI_40,ROI_11,0.0
7,ROI_40,ROI_12,0.0
7,ROI_40,ROI_13,0.0
7,ROI_40,ROI_14,0.0
7,ROI_39,ROI_52,0.0
7,ROI_39,ROI_50,0.0
7,ROI_37,ROI_51,0.0
7,ROI_39,ROI_35,0.0
7,ROI_39,ROI_24,0.0
7,ROI_39,ROI_25,0.0
7,ROI_39,ROI_26,0.0
7,ROI_39,ROI_27,0.0
7,ROI_39,ROI_28,0.0
7,ROI_39,ROI_29,0.0
7,ROI_39,ROI_30,0.0
7,ROI_39,ROI_31,0.0
7,ROI_39,ROI_32,0.0
7,ROI_39,ROI_33,0.0
7,ROI_39,ROI_34,0.0
7,ROI_39,ROI_36,0.0
7,ROI_39,ROI_49,0.0
7,ROI_39,ROI_37,0.0
7,ROI_39,ROI_38,0.0
7,ROI_39,ROI_39,0.0
7,ROI_39,ROI_40,0.0
7,ROI_39,ROI_41,0.0
7,ROI_39,ROI_42,0.0
7,ROI_39,ROI_43,0.0
7,ROI_39,ROI_44,0.0
7,ROI_39,ROI_45,0.0
7,ROI_39,ROI_46,0.0
7,ROI_39,ROI_48,0.0
7,ROI_40,ROI_15,0.0
7,ROI_40,ROI_16,0.0
7,ROI_40,ROI_17,0.0
7,ROI_40,ROI_50,0.0
7,ROI_40,ROI_41,0.0
7,ROI_40,ROI_42,0.0
7,ROI_40,ROI_43,0.0
7,ROI_40,ROI_44,0.0
7,ROI_33,ROI_40,0.0
7,ROI_40,ROI_45,0.0
7,ROI_40,ROI_46,0.0
7,ROI_40,ROI_47,0.0
7,ROI_40,ROI_48,0.0
7,ROI_40,ROI_49,0.0
7,ROI_33,ROI_39,0.0
7,ROI_40,ROI_51,0.0
7,ROI_40,ROI_18,0.0
7,ROI_33,ROI_38,0.0
7,ROI_40,ROI_52,0.0
7,ROI_40,ROI_53,0.0
7,ROI_33,ROI_37,0.0
7,ROI_40,ROI_54,0.0
7,ROI_34,ROI_35,0.0
7,ROI_40,ROI_55,0.0
7,ROI_40,ROI_56,0.0
7,ROI_40,ROI_57,0.0
7,ROI_40,ROI_58,0.0
7,ROI_40,ROI_59,0.0
7,ROI_40,ROI_40,0.0
7,ROI_40,ROI_39,0.0
7,ROI_33,ROI_41,0.0
7,ROI_40,ROI_38,0.0
7,ROI_40,ROI_19,0.0
7,ROI_40,ROI_20,0.0
7,ROI_40,ROI_21,0.0
7,ROI_40,ROI_22,0.0
7,ROI_40,ROI_23,0.0
7,ROI_33,ROI_46,0.0
7,ROI_40,ROI_24,0.0
7,ROI_33,ROI_45,0.0
7,ROI_40,ROI_25,0.0
7,ROI_40,ROI_26,0.0
7,ROI_40,ROI_27,0.0
7,ROI_40,ROI_28,0.0
7,ROI_40,ROI_29,0.0
7,ROI_40,ROI_30,0.0
7,ROI_33,ROI_44,0.0
7,ROI_33,ROI_43,0.0
7,ROI_40,ROI_31,0.0
7,ROI_40,ROI_32,0.0
7,ROI_40,ROI_33,0.0
7,ROI_40,ROI_34,0.0
7,ROI_33,ROI_42,0.0
7,ROI_40,ROI_36,0.0
7,ROI_40,ROI_37,0.0
7,ROI_39,ROI_23,0.0
7,ROI_39,ROI_22,0.0
7,ROI_39,ROI_21,0.0
7,ROI_38,ROI_21,0.0
7,ROI_38,ROI_11,0.0
7,ROI_38,ROI_12,0.0
7,ROI_38,ROI_13,0.0
7,ROI_38,ROI_14,0.0
7,ROI_38,ROI_15,0.0
7,ROI_38,ROI_16,0.0
7,ROI_38,ROI_17,0.0
7,ROI_38,ROI_18,0.0
7,ROI_33,ROI_58,0.0
7,ROI_38,ROI_19,0.0
7,ROI_38,ROI_20,0.0
7,ROI_38,ROI_22,0.0
7,ROI_38,ROI_35,0.0
7,ROI_38,ROI_23,0.0
7,ROI_38,ROI_24,0.0
7,ROI_38,ROI_25,0.0
7,ROI_38,ROI_26,0.0
7,ROI_38,ROI_27,0.0
7,ROI_38,ROI_28,0.0
7,ROI_38,ROI_29,0.0
7,ROI_38,ROI_30,0.0
7,ROI_38,ROI_31,0.0
7,ROI_38,ROI_32,0.0
7,ROI_38,ROI_33,0.0
7,ROI_38,ROI_10,0.0
7,ROI_38,ROI_9,0.0
7,ROI_38,ROI_8,0.0
7,ROI_38,ROI_7,0.0
7,ROI_37,ROI_52,0.0
7,ROI_37,ROI_53,0.0
7,ROI_34,ROI_2,0.0
7,ROI_34,ROI_1,0.0
7,ROI_37,ROI_54,0.0
7,ROI_37,ROI_55,0.0
7,ROI_33,ROI_62,0.0
7,ROI_33,ROI_61,0.0
7,ROI_37,ROI_56,0.0
7,ROI_37,ROI_57,0.0
7,ROI_37,ROI_58,0.0
7,ROI_37,ROI_59,0.0
7,ROI_37,ROI_60,0.0
7,ROI_37,ROI_61,0.0
7,ROI_37,ROI_62,0.0
7,ROI_38,ROI_1,0.0
7,ROI_38,ROI_2,0.0
7,ROI_38,ROI_3,0.0
7,ROI_33,ROI_60,0.0
7,ROI_38,ROI_4,0.0
7,ROI_38,ROI_5,0.0
7,ROI_38,ROI_6,0.0
7,ROI_33,ROI_59,0.0
7,ROI_38,ROI_34,0.0
7,ROI_38,ROI_36,0.0
7,ROI_39,ROI_20,0.0
7,ROI_39,ROI_10,0.0
7,ROI_39,ROI_1,0.0
7,ROI_39,ROI_2,0.0
7,ROI_39,ROI_3,0.0
7,ROI_33,ROI_55,0.0
7,ROI_39,ROI_4,0.0
7,ROI_39,ROI_5,0.0
7,ROI_39,ROI_6,0.0
7,ROI_39,ROI_7,0.0
7,ROI_33,ROI_54,0.0
7,ROI_33,ROI_53,0.0
7,ROI_39,ROI_9,0.0
7,ROI_39,ROI_11,0.0
7,ROI_38,ROI_37,0.0
7,ROI_39,ROI_12,0.0
7,ROI_33,ROI_52,0.0
7,ROI_33,ROI_51,0.0
7,ROI_39,ROI_13,0.0
7,ROI_39,ROI_14,0.0
7,ROI_39,ROI_15,0.0
7,ROI_39,ROI_16,0.0
7,ROI_39,ROI_17,0.0
7,ROI_39,ROI_18,0.0
7,ROI_33,ROI_50,0.0
7,ROI_39,ROI_19,0.0
7,ROI_38,ROI_62,0.0
7,ROI_33,ROI_56,0.0
7,ROI_38,ROI_61,0.0
7,ROI_38,ROI_60,0.0
7,ROI_38,ROI_38,0.0
7,ROI_38,ROI_39,0.0
7,ROI_38,ROI_40,0.0
7,ROI_38,ROI_41,0.0
7,ROI_38,ROI_42,0.0
7,ROI_38,ROI_43,0.0
7,ROI_38,ROI_44,0.0
7,ROI_38,ROI_45,0.0
7,ROI_38,ROI_46,0.0
7,ROI_38,ROI_47,0.0
7,ROI_38,ROI_48,0.0
7,ROI_38,ROI_49,0.0
7,ROI_38,ROI_50,0.0
7,ROI_38,ROI_51,0.0
7,ROI_38,ROI_52,0.0
7,ROI_38,ROI_53,0.0
7,ROI_38,ROI_54,0.0
7,ROI_38,ROI_55,0.0
7,ROI_38,ROI_56,0.0
7,ROI_38,ROI_57,0.0
7,ROI_38,ROI_58,0.0
7,ROI_33,ROI_57,0.0
7,ROI_38,ROI_59,0.0
7,ROI_40,ROI_1,0.0
7,ROI_48,ROI_9,0.0
7,ROI_47,ROI_30,0.0
7,ROI_57,ROI_53,0.0
7,ROI_57,ROI_40,0.0
7,ROI_57,ROI_41,0.0
7,ROI_57,ROI_42,0.0
7,ROI_57,ROI_43,0.0
7,ROI_57,ROI_44,0.0
7,ROI_57,ROI_45,0.0
7,ROI_57,ROI_46,0.0
7,ROI_57,ROI_47,0.0
7,ROI_57,ROI_48,0.0
7,ROI_57,ROI_50,0.0
7,ROI_57,ROI_51,0.0
7,ROI_57,ROI_52,0.0
7,ROI_57,ROI_54,0.0
7,ROI_58,ROI_6,0.0
7,ROI_57,ROI_55,0.0
7,ROI_57,ROI_56,0.0
7,ROI_57,ROI_57,0.0
7,ROI_57,ROI_58,0.0
7,ROI_57,ROI_59,0.0
7,ROI_57,ROI_60,0.0
7,ROI_57,ROI_61,0.0
7,ROI_57,ROI_62,0.0
7,ROI_58,ROI_1,0.0
7,ROI_58,ROI_2,0.0
7,ROI_58,ROI_3,0.0
7,ROI_58,ROI_4,0.0
7,ROI_57,ROI_39,0.0
7,ROI_57,ROI_38,0.0
7,ROI_57,ROI_37,0.0
7,ROI_57,ROI_36,0.0
7,ROI_57,ROI_10,0.0
7,ROI_57,ROI_11,0.0
7,ROI_57,ROI_12,0.0
7,ROI_57,ROI_13,0.0
7,ROI_57,ROI_14,0.0
7,ROI_57,ROI_15,0.0
7,ROI_57,ROI_16,0.0
7,ROI_57,ROI_17,0.0
7,ROI_57,ROI_18,0.0
7,ROI_57,ROI_19,0.0
7,ROI_57,ROI_20,0.0
7,ROI_57,ROI_21,0.0
7,ROI_57,ROI_22,0.0
7,ROI_57,ROI_23,0.0
7,ROI_57,ROI_24,0.0
7,ROI_57,ROI_25,0.0
7,ROI_57,ROI_26,0.0
7,ROI_57,ROI_27,0.0
7,ROI_57,ROI_28,0.0
7,ROI_57,ROI_29,0.0
7,ROI_57,ROI_30,0.0
7,ROI_57,ROI_31,0.0
7,ROI_57,ROI_32,0.0
7,ROI_57,ROI_34,0.0
7,ROI_57,ROI_35,0.0
7,ROI_58,ROI_5,0.0
7,ROI_58,ROI_7,0.0
7,ROI_59,ROI_4,0.0
7,ROI_58,ROI_50,0.0
7,ROI_58,ROI_38,0.0
7,ROI_58,ROI_39,0.0
7,ROI_58,ROI_40,0.0
7,ROI_58,ROI_41,0.0
7,ROI_58,ROI_42,0.0
7,ROI_58,ROI_43,0.0
7,ROI_58,ROI_44,0.0
7,ROI_58,ROI_45,0.0
7,ROI_58,ROI_46,0.0
7,ROI_58,ROI_47,0.0
7,ROI_58,ROI_48,0.0
7,ROI_58,ROI_49,0.0
7,ROI_58,ROI_51,0.0
7,ROI_58,ROI_8,0.0
7,ROI_58,ROI_52,0.0
7,ROI_58,ROI_54,0.0
7,ROI_58,ROI_55,0.0
7,ROI_58,ROI_56,0.0
7,ROI_58,ROI_57,0.0
7,ROI_58,ROI_58,0.0
7,ROI_58,ROI_59,0.0
7,ROI_58,ROI_60,0.0
7,ROI_58,ROI_61,0.0
7,ROI_58,ROI_62,0.0
7,ROI_59,ROI_1,0.0
7,ROI_59,ROI_2,0.0
7,ROI_58,ROI_37,0.0
7,ROI_58,ROI_36,0.0
7,ROI_58,ROI_35,0.0
7,ROI_58,ROI_34,0.0
7,ROI_58,ROI_9,0.0
7,ROI_58,ROI_10,0.0
7,ROI_58,ROI_11,0.0
7,ROI_58,ROI_12,0.0
7,ROI_58,ROI_13,0.0
7,ROI_58,ROI_14,0.0
7,ROI_58,ROI_15,0.0
7,ROI_58,ROI_16,0.0
7,ROI_58,ROI_17,0.0
7,ROI_58,ROI_18,0.0
7,ROI_58,ROI_19,0.0
7,ROI_58,ROI_20,0.0
7,ROI_58,ROI_21,0.0
7,ROI_58,ROI_22,0.0
7,ROI_58,ROI_23,0.0
7,ROI_58,ROI_24,0.0
7,ROI_58,ROI_25,0.0
7,ROI_58,ROI_26,0.0
7,ROI_58,ROI_27,0.0
7,ROI_58,ROI_28,0.0
7,ROI_58,ROI_29,0.0
7,ROI_58,ROI_30,0.0
7,ROI_58,ROI_31,0.0
7,ROI_58,ROI_32,0.0
7,ROI_58,ROI_33,0.0
7,ROI_57,ROI_9,0.0
7,ROI_57,ROI_8,0.0
7,ROI_57,ROI_7,0.0
7,ROI_55,ROI_54,0.0
7,ROI_55,ROI_42,0.0
7,ROI_55,ROI_43,0.0
7,ROI_55,ROI_44,0.0
7,ROI_55,ROI_45,0.0
7,ROI_55,ROI_46,0.0
7,ROI_55,ROI_47,0.0
7,ROI_55,ROI_48,0.0
7,ROI_55,ROI_49,0.0
7,ROI_55,ROI_50,0.0
7,ROI_55,ROI_51,0.0
7,ROI_55,ROI_52,0.0
7,ROI_55,ROI_53,0.0
7,ROI_55,ROI_55,0.0
7,ROI_57,ROI_5,0.0
7,ROI_55,ROI_56,0.0
7,ROI_55,ROI_57,0.0
7,ROI_55,ROI_58,0.0
7,ROI_55,ROI_59,0.0
7,ROI_55,ROI_60,0.0
7,ROI_55,ROI_61,0.0
7,ROI_55,ROI_62,0.0
7,ROI_56,ROI_1,0.0
7,ROI_56,ROI_2,0.0
7,ROI_56,ROI_3,0.0
7,ROI_56,ROI_4,0.0
7,ROI_56,ROI_5,0.0
7,ROI_55,ROI_41,0.0
7,ROI_55,ROI_40,0.0
7,ROI_55,ROI_39,0.0
7,ROI_55,ROI_38,0.0
7,ROI_55,ROI_12,0.0
7,ROI_55,ROI_14,0.0
7,ROI_55,ROI_15,0.0
7,ROI_55,ROI_16,0.0
7,ROI_55,ROI_17,0.0
7,ROI_55,ROI_18,0.0
7,ROI_55,ROI_19,0.0
7,ROI_55,ROI_20,0.0
7,ROI_55,ROI_21,0.0
7,ROI_55,ROI_22,0.0
7,ROI_55,ROI_23,0.0
7,ROI_55,ROI_24,0.0
7,ROI_55,ROI_25,0.0
7,ROI_55,ROI_26,0.0
7,ROI_55,ROI_27,0.0
7,ROI_55,ROI_28,0.0
7,ROI_55,ROI_29,0.0
7,ROI_55,ROI_30,0.0
7,ROI_55,ROI_31,0.0
7,ROI_55,ROI_32,0.0
7,ROI_55,ROI_33,0.0
7,ROI_55,ROI_34,0.0
7,ROI_55,ROI_35,0.0
7,ROI_55,ROI_36,0.0
7,ROI_55,ROI_37,0.0
7,ROI_56,ROI_6,0.0
7,ROI_56,ROI_7,0.0
7,ROI_56,ROI_8,0.0
7,ROI_56,ROI_40,0.0
7,ROI_56,ROI_42,0.0
7,ROI_56,ROI_43,0.0
7,ROI_56,ROI_44,0.0
7,ROI_56,ROI_45,0.0
7,ROI_56,ROI_46,0.0
7,ROI_56,ROI_47,0.0
7,ROI_56,ROI_48,0.0
7,ROI_56,ROI_49,0.0
7,ROI_56,ROI_50,0.0
7,ROI_56,ROI_51,0.0
7,ROI_56,ROI_52,0.0
7,ROI_56,ROI_53,0.0
7,ROI_56,ROI_54,0.0
7,ROI_56,ROI_55,0.0
7,ROI_56,ROI_56,0.0
7,ROI_56,ROI_57,0.0
7,ROI_56,ROI_58,0.0
7,ROI_56,ROI_59,0.0
7,ROI_56,ROI_60,0.0
7,ROI_56,ROI_61,0.0
7,ROI_56,ROI_62,0.0
7,ROI_57,ROI_1,0.0
7,ROI_57,ROI_2,0.0
7,ROI_57,ROI_3,0.0
7,ROI_57,ROI_4,0.0
7,ROI_56,ROI_41,0.0
7,ROI_56,ROI_39,0.0
7,ROI_56,ROI_10,0.0
7,ROI_56,ROI_38,0.0
7,ROI_56,ROI_11,0.0
7,ROI_56,ROI_12,0.0
7,ROI_56,ROI_13,0.0
7,ROI_56,ROI_14,0.0
7,ROI_56,ROI_15,0.0
7,ROI_56,ROI_16,0.0
7,ROI_56,ROI_17,0.0
7,ROI_56,ROI_18,0.0
7,ROI_56,ROI_20,0.0
7,ROI_56,ROI_21,0.0
7,ROI_56,ROI_22,0.0
7,ROI_56,ROI_23,0.0
7,ROI_56,ROI_25,0.0
7,ROI_56,ROI_26,0.0
7,ROI_56,ROI_27,0.0
7,ROI_56,ROI_28,0.0
7,ROI_56,ROI_29,0.0
7,ROI_56,ROI_30,0.0
7,ROI_56,ROI_31,0.0
7,ROI_56,ROI_32,0.0
7,ROI_56,ROI_33,0.0
7,ROI_56,ROI_34,0.0
7,ROI_56,ROI_35,0.0
7,ROI_56,ROI_36,0.0
7,ROI_56,ROI_37,0.0
7,ROI_59,ROI_3,0.0
7,ROI_59,ROI_5,0.0
7,ROI_55,ROI_10,0.0
7,ROI_61,ROI_51,0.0
7,ROI_61,ROI_36,0.0
7,ROI_61,ROI_37,0.0
7,ROI_61,ROI_38,0.0
7,ROI_61,ROI_39,0.0
7,ROI_61,ROI_40,0.0
7,ROI_61,ROI_41,0.0
7,ROI_61,ROI_44,0.0
7,ROI_61,ROI_45,0.0
7,ROI_61,ROI_46,0.0
7,ROI_61,ROI_47,0.0
7,ROI_61,ROI_48,0.0
7,ROI_61,ROI_49,0.0
7,ROI_61,ROI_52,0.0
7,ROI_62,ROI_4,0.0
7,ROI_61,ROI_53,0.0
7,ROI_61,ROI_54,0.0
7,ROI_61,ROI_55,0.0
7,ROI_61,ROI_56,0.0
7,ROI_61,ROI_57,0.0
7,ROI_61,ROI_58,0.0
7,ROI_61,ROI_59,0.0
7,ROI_61,ROI_60,0.0
7,ROI_61,ROI_61,0.0
7,ROI_61,ROI_62,0.0
7,ROI_62,ROI_1,0.0
7,ROI_62,ROI_2,0.0
7,ROI_61,ROI_35,0.0
7,ROI_61,ROI_34,0.0
7,ROI_61,ROI_33,0.0
7,ROI_61,ROI_32,0.0
7,ROI_61,ROI_5,0.0
7,ROI_61,ROI_7,0.0
7,ROI_61,ROI_8,0.0
7,ROI_61,ROI_9,0.0
7,ROI_61,ROI_10,0.0
7,ROI_61,ROI_11,0.0
7,ROI_61,ROI_12,0.0
7,ROI_61,ROI_13,0.0
7,ROI_61,ROI_14,0.0
7,ROI_61,ROI_15,0.0
7,ROI_61,ROI_16,0.0
7,ROI_61,ROI_17,0.0
7,ROI_61,ROI_18,0.0
7,ROI_61,ROI_19,0.0
7,ROI_61,ROI_20,0.0
7,ROI_61,ROI_21,0.0
7,ROI_61,ROI_22,0.0
7,ROI_61,ROI_23,0.0
7,ROI_61,ROI_24,0.0
7,ROI_61,ROI_25,0.0
7,ROI_61,ROI_26,0.0
7,ROI_61,ROI_27,0.0
7,ROI_61,ROI_28,0.0
7,ROI_61,ROI_30,0.0
7,ROI_61,ROI_31,0.0
7,ROI_62,ROI_3,0.0
7,ROI_62,ROI_5,0.0
7,ROI_59,ROI_6,0.0
7,ROI_62,ROI_48,0.0
7,ROI_62,ROI_36,0.0
7,ROI_62,ROI_37,0.0
7,ROI_62,ROI_38,0.0
7,ROI_62,ROI_39,0.0
7,ROI_62,ROI_40,0.0
7,ROI_62,ROI_41,0.0
7,ROI_62,ROI_42,0.0
7,ROI_62,ROI_43,0.0
7,ROI_62,ROI_44,0.0
7,ROI_62,ROI_45,0.0
7,ROI_62,ROI_46,0.0
7,ROI_62,ROI_47,0.0
7,ROI_62,ROI_49,0.0
7,ROI_62,ROI_6,0.0
7,ROI_62,ROI_50,0.0
7,ROI_62,ROI_51,0.0
7,ROI_62,ROI_52,0.0
7,ROI_62,ROI_53,0.0
7,ROI_62,ROI_54,0.0
7,ROI_62,ROI_55,0.0
7,ROI_62,ROI_56,0.0
7,ROI_62,ROI_57,0.0
7,ROI_62,ROI_58,0.0
7,ROI_62,ROI_59,0.0
7,ROI_62,ROI_60,0.0
7,ROI_62,ROI_61,0.0
7,ROI_62,ROI_35,0.0
7,ROI_62,ROI_34,0.0
7,ROI_62,ROI_33,0.0
7,ROI_62,ROI_32,0.0
7,ROI_62,ROI_7,0.0
7,ROI_62,ROI_8,0.0
7,ROI_62,ROI_9,0.0
7,ROI_62,ROI_10,0.0
7,ROI_62,ROI_11,0.0
7,ROI_62,ROI_12,0.0
7,ROI_62,ROI_13,0.0
7,ROI_62,ROI_14,0.0
7,ROI_62,ROI_15,0.0
7,ROI_62,ROI_16,0.0
7,ROI_62,ROI_17,0.0
7,ROI_62,ROI_18,0.0
7,ROI_62,ROI_19,0.0
7,ROI_62,ROI_20,0.0
7,ROI_62,ROI_21,0.0
7,ROI_62,ROI_22,0.0
7,ROI_62,ROI_23,0.0
7,ROI_62,ROI_24,0.0
7,ROI_62,ROI_25,0.0
7,ROI_62,ROI_26,0.0
7,ROI_62,ROI_27,0.0
7,ROI_62,ROI_28,0.0
7,ROI_62,ROI_29,0.0
7,ROI_62,ROI_30,0.0
7,ROI_62,ROI_31,0.0
7,ROI_61,ROI_4,0.0
7,ROI_61,ROI_3,0.0
7,ROI_61,ROI_1,0.0
7,ROI_59,ROI_48,0.0
7,ROI_59,ROI_36,0.0
7,ROI_59,ROI_37,0.0
7,ROI_59,ROI_38,0.0
7,ROI_59,ROI_39,0.0
7,ROI_59,ROI_40,0.0
7,ROI_59,ROI_41,0.0
7,ROI_59,ROI_42,0.0
7,ROI_59,ROI_43,0.0
7,ROI_59,ROI_44,0.0
7,ROI_59,ROI_45,0.0
7,ROI_59,ROI_46,0.0
7,ROI_59,ROI_47,0.0
7,ROI_59,ROI_49,0.0
7,ROI_60,ROI_62,0.0
7,ROI_59,ROI_50,0.0
7,ROI_59,ROI_51,0.0
7,ROI_59,ROI_52,0.0
7,ROI_59,ROI_53,0.0
7,ROI_59,ROI_54,0.0
7,ROI_59,ROI_55,0.0
7,ROI_59,ROI_56,0.0
7,ROI_59,ROI_57,0.0
7,ROI_59,ROI_58,0.0
7,ROI_59,ROI_59,0.0
7,ROI_59,ROI_61,0.0
7,ROI_59,ROI_62,0.0
7,ROI_59,ROI_35,0.0
7,ROI_59,ROI_34,0.0
7,ROI_59,ROI_33,0.0
7,ROI_59,ROI_32,0.0
7,ROI_59,ROI_7,0.0
7,ROI_59,ROI_8,0.0
7,ROI_59,ROI_9,0.0
7,ROI_59,ROI_10,0.0
7,ROI_59,ROI_11,0.0
7,ROI_59,ROI_12,0.0
7,ROI_59,ROI_13,0.0
7,ROI_59,ROI_14,0.0
7,ROI_59,ROI_15,0.0
7,ROI_59,ROI_16,0.0
7,ROI_59,ROI_17,0.0
7,ROI_59,ROI_18,0.0
7,ROI_59,ROI_19,0.0
7,ROI_59,ROI_20,0.0
7,ROI_59,ROI_21,0.0
7,ROI_59,ROI_22,0.0
7,ROI_59,ROI_23,0.0
7,ROI_59,ROI_24,0.0
7,ROI_59,ROI_25,0.0
7,ROI_59,ROI_26,0.0
7,ROI_59,ROI_27,0.0
7,ROI_59,ROI_28,0.0
7,ROI_59,ROI_29,0.0
7,ROI_59,ROI_30,0.0
7,ROI_59,ROI_31,0.0
7,ROI_60,ROI_1,0.0
7,ROI_60,ROI_3,0.0
7,ROI_60,ROI_4,0.0
7,ROI_60,ROI_33,0.0
7,ROI_60,ROI_35,0.0
7,ROI_60,ROI_36,0.0
7,ROI_60,ROI_37,0.0
7,ROI_60,ROI_38,0.0
7,ROI_60,ROI_39,0.0
7,ROI_60,ROI_40,0.0
7,ROI_60,ROI_41,0.0
7,ROI_60,ROI_42,0.0
7,ROI_60,ROI_43,0.0
7,ROI_60,ROI_44,0.0
7,ROI_60,ROI_45,0.0
7,ROI_60,ROI_46,0.0
7,ROI_60,ROI_49,0.0
7,ROI_60,ROI_50,0.0
7,ROI_60,ROI_51,0.0
7,ROI_60,ROI_52,0.0
7,ROI_60,ROI_53,0.0
7,ROI_60,ROI_54,0.0
7,ROI_60,ROI_55,0.0
7,ROI_60,ROI_56,0.0
7,ROI_60,ROI_57,0.0
7,ROI_60,ROI_58,0.0
7,ROI_60,ROI_59,0.0
7,ROI_60,ROI_60,0.0
7,ROI_60,ROI_61,0.0
7,ROI_60,ROI_34,0.0
7,ROI_60,ROI_32,0.0
7,ROI_60,ROI_5,0.0
7,ROI_60,ROI_31,0.0
7,ROI_60,ROI_6,0.0
7,ROI_60,ROI_7,0.0
7,ROI_60,ROI_8,0.0
7,ROI_60,ROI_9,0.0
7,ROI_60,ROI_10,0.0
7,ROI_60,ROI_11,0.0
7,ROI_60,ROI_12,0.0
7,ROI_60,ROI_13,0.0
7,ROI_60,ROI_14,0.0
7,ROI_60,ROI_15,0.0
7,ROI_60,ROI_16,0.0
7,ROI_60,ROI_17,0.0
7,ROI_60,ROI_18,0.0
7,ROI_60,ROI_19,0.0
7,ROI_60,ROI_20,0.0
7,ROI_60,ROI_21,0.0
7,ROI_60,ROI_22,0.0
7,ROI_60,ROI_23,0.0
7,ROI_60,ROI_24,0.0
7,ROI_60,ROI_25,0.0
7,ROI_60,ROI_26,0.0
7,ROI_60,ROI_27,0.0
7,ROI_60,ROI_28,0.0
7,ROI_60,ROI_29,0.0
7,ROI_60,ROI_30,0.0
7,ROI_55,ROI_11,0.0
7,ROI_55,ROI_9,0.0
7,ROI_47,ROI_31,0.0
7,ROI_50,ROI_4,0.0
7,ROI_49,ROI_54,0.0
7,ROI_49,ROI_55,0.0
7,ROI_49,ROI_56,0.0
7,ROI_49,ROI_57,0.0
7,ROI_49,ROI_58,0.0
7,ROI_49,ROI_59,0.0
7,ROI_49,ROI_60,0.0
7,ROI_49,ROI_61,0.0
7,ROI_49,ROI_62,0.0
7,ROI_50,ROI_1,0.0
7,ROI_50,ROI_2,0.0
7,ROI_50,ROI_3,0.0
7,ROI_50,ROI_5,0.0
7,ROI_50,ROI_20,0.0
7,ROI_50,ROI_7,0.0
7,ROI_50,ROI_8,0.0
7,ROI_50,ROI_9,0.0
7,ROI_50,ROI_10,0.0
7,ROI_50,ROI_11,0.0
7,ROI_50,ROI_12,0.0
7,ROI_50,ROI_13,0.0
7,ROI_50,ROI_14,0.0
7,ROI_50,ROI_15,0.0
7,ROI_50,ROI_16,0.0
7,ROI_50,ROI_17,0.0
7,ROI_50,ROI_18,0.0
7,ROI_49,ROI_53,0.0
7,ROI_49,ROI_52,0.0
7,ROI_49,ROI_51,0.0
7,ROI_49,ROI_50,0.0
7,ROI_49,ROI_25,0.0
7,ROI_49,ROI_26,0.0
7,ROI_49,ROI_27,0.0
7,ROI_49,ROI_28,0.0
7,ROI_49,ROI_29,0.0
7,ROI_49,ROI_30,0.0
7,ROI_49,ROI_31,0.0
7,ROI_49,ROI_32,0.0
7,ROI_49,ROI_33,0.0
7,ROI_49,ROI_34,0.0
7,ROI_49,ROI_35,0.0
7,ROI_49,ROI_36,0.0
7,ROI_49,ROI_37,0.0
7,ROI_49,ROI_38,0.0
7,ROI_49,ROI_39,0.0
7,ROI_49,ROI_40,0.0
7,ROI_49,ROI_41,0.0
7,ROI_49,ROI_42,0.0
7,ROI_49,ROI_43,0.0
7,ROI_49,ROI_44,0.0
7,ROI_49,ROI_45,0.0
7,ROI_49,ROI_46,0.0
7,ROI_49,ROI_47,0.0
7,ROI_49,ROI_48,0.0
7,ROI_49,ROI_49,0.0
7,ROI_50,ROI_19,0.0
7,ROI_50,ROI_21,0.0
7,ROI_51,ROI_18,0.0
7,ROI_51,ROI_2,0.0
7,ROI_50,ROI_52,0.0
7,ROI_50,ROI_53,0.0
7,ROI_50,ROI_54,0.0
7,ROI_50,ROI_55,0.0
7,ROI_50,ROI_56,0.0
7,ROI_50,ROI_57,0.0
7,ROI_50,ROI_58,0.0
7,ROI_50,ROI_59,0.0
7,ROI_50,ROI_60,0.0
7,ROI_50,ROI_61,0.0
7,ROI_50,ROI_62,0.0
7,ROI_51,ROI_1,0.0
7,ROI_51,ROI_3,0.0
7,ROI_50,ROI_22,0.0
7,ROI_51,ROI_4,0.0
7,ROI_51,ROI_5,0.0
7,ROI_51,ROI_7,0.0
7,ROI_51,ROI_8,0.0
7,ROI_51,ROI_9,0.0
7,ROI_51,ROI_10,0.0
7,ROI_51,ROI_11,0.0
7,ROI_51,ROI_12,0.0
7,ROI_51,ROI_13,0.0
7,ROI_51,ROI_14,0.0
7,ROI_51,ROI_15,0.0
7,ROI_51,ROI_16,0.0
7,ROI_50,ROI_51,0.0
7,ROI_50,ROI_50,0.0
7,ROI_50,ROI_49,0.0
7,ROI_50,ROI_48,0.0
7,ROI_50,ROI_23,0.0
7,ROI_50,ROI_24,0.0
7,ROI_50,ROI_25,0.0
7,ROI_50,ROI_26,0.0
7,ROI_50,ROI_27,0.0
7,ROI_50,ROI_28,0.0
7,ROI_50,ROI_29,0.0
7,ROI_50,ROI_30,0.0
7,ROI_50,ROI_31,0.0
7,ROI_50,ROI_32,0.0
7,ROI_50,ROI_33,0.0
7,ROI_50,ROI_34,0.0
7,ROI_50,ROI_35,0.0
7,ROI_50,ROI_36,0.0
7,ROI_50,ROI_37,0.0
7,ROI_50,ROI_38,0.0
7,ROI_50,ROI_39,0.0
7,ROI_50,ROI_40,0.0
7,ROI_50,ROI_41,0.0
7,ROI_50,ROI_42,0.0
7,ROI_50,ROI_43,0.0
7,ROI_50,ROI_44,0.0
7,ROI_50,ROI_45,0.0
7,ROI_50,ROI_46,0.0
7,ROI_50,ROI_47,0.0
7,ROI_49,ROI_24,0.0
7,ROI_49,ROI_23,0.0
7,ROI_49,ROI_22,0.0
7,ROI_48,ROI_11,0.0
7,ROI_47,ROI_61,0.0
7,ROI_47,ROI_62,0.0
7,ROI_48,ROI_1,0.0
7,ROI_48,ROI_2,0.0
7,ROI_48,ROI_3,0.0
7,ROI_48,ROI_4,0.0
7,ROI_48,ROI_5,0.0
7,ROI_48,ROI_6,0.0
7,ROI_48,ROI_7,0.0
7,ROI_48,ROI_8,0.0
7,ROI_32,ROI_52,0.0
7,ROI_48,ROI_10,0.0
7,ROI_48,ROI_12,0.0
7,ROI_49,ROI_21,0.0
7,ROI_48,ROI_13,0.0
7,ROI_48,ROI_14,0.0
7,ROI_48,ROI_15,0.0
7,ROI_48,ROI_16,0.0
7,ROI_48,ROI_17,0.0
7,ROI_48,ROI_18,0.0
7,ROI_48,ROI_19,0.0
7,ROI_48,ROI_20,0.0
7,ROI_48,ROI_21,0.0
7,ROI_48,ROI_22,0.0
7,ROI_48,ROI_23,0.0
7,ROI_48,ROI_24,0.0
7,ROI_47,ROI_60,0.0
7,ROI_47,ROI_59,0.0
7,ROI_47,ROI_58,0.0
7,ROI_47,ROI_57,0.0
7,ROI_47,ROI_32,0.0
7,ROI_47,ROI_33,0.0
7,ROI_47,ROI_34,0.0
7,ROI_47,ROI_35,0.0
7,ROI_47,ROI_36,0.0
7,ROI_47,ROI_37,0.0
7,ROI_47,ROI_38,0.0
7,ROI_47,ROI_39,0.0
7,ROI_47,ROI_40,0.0
7,ROI_47,ROI_41,0.0
7,ROI_47,ROI_42,0.0
7,ROI_47,ROI_43,0.0
7,ROI_47,ROI_44,0.0
7,ROI_47,ROI_45,0.0
7,ROI_47,ROI_46,0.0
7,ROI_47,ROI_47,0.0
7,ROI_47,ROI_48,0.0
7,ROI_47,ROI_49,0.0
7,ROI_47,ROI_50,0.0
7,ROI_47,ROI_51,0.0
7,ROI_47,ROI_52,0.0
7,ROI_47,ROI_53,0.0
7,ROI_47,ROI_54,0.0
7,ROI_47,ROI_55,0.0
7,ROI_47,ROI_56,0.0
7,ROI_48,ROI_25,0.0
7,ROI_48,ROI_26,0.0
7,ROI_48,ROI_27,0.0
7,ROI_48,ROI_56,0.0
7,ROI_48,ROI_58,0.0
7,ROI_48,ROI_59,0.0
7,ROI_48,ROI_60,0.0
7,ROI_48,ROI_61,0.0
7,ROI_48,ROI_62,0.0
7,ROI_49,ROI_1,0.0
7,ROI_49,ROI_2,0.0
7,ROI_49,ROI_3,0.0
7,ROI_49,ROI_4,0.0
7,ROI_49,ROI_5,0.0
7,ROI_49,ROI_6,0.0
7,ROI_49,ROI_7,0.0
7,ROI_49,ROI_8,0.0
7,ROI_49,ROI_9,0.0
7,ROI_49,ROI_10,0.0
7,ROI_49,ROI_11,0.0
7,ROI_49,ROI_12,0.0
7,ROI_49,ROI_13,0.0
7,ROI_49,ROI_14,0.0
7,ROI_49,ROI_15,0.0
7,ROI_49,ROI_16,0.0
7,ROI_49,ROI_17,0.0
7,ROI_49,ROI_18,0.0
7,ROI_49,ROI_19,0.0
7,ROI_49,ROI_20,0.0
7,ROI_48,ROI_57,0.0
7,ROI_48,ROI_55,0.0
7,ROI_48,ROI_28,0.0
7,ROI_48,ROI_54,0.0
7,ROI_48,ROI_29,0.0
7,ROI_48,ROI_30,0.0
7,ROI_48,ROI_31,0.0
7,ROI_48,ROI_32,0.0
7,ROI_48,ROI_33,0.0
7,ROI_48,ROI_34,0.0
7,ROI_48,ROI_35,0.0
7,ROI_48,ROI_36,0.0
7,ROI_48,ROI_37,0.0
7,ROI_48,ROI_38,0.0
7,ROI_48,ROI_39,0.0
7,ROI_48,ROI_40,0.0
7,ROI_48,ROI_41,0.0
7,ROI_48,ROI_42,0.0
7,ROI_48,ROI_43,0.0
7,ROI_48,ROI_44,0.0
7,ROI_48,ROI_45,0.0
7,ROI_48,ROI_46,0.0
7,ROI_48,ROI_47,0.0
7,ROI_48,ROI_48,0.0
7,ROI_48,ROI_49,0.0
7,ROI_48,ROI_50,0.0
7,ROI_48,ROI_51,0.0
7,ROI_48,ROI_52,0.0
7,ROI_48,ROI_53,0.0
7,ROI_51,ROI_17,0.0
7,ROI_51,ROI_19,0.0
7,ROI_55,ROI_8,0.0
7,ROI_53,ROI_57,0.0
7,ROI_53,ROI_45,0.0
7,ROI_53,ROI_46,0.0
7,ROI_53,ROI_47,0.0
7,ROI_53,ROI_48,0.0
7,ROI_53,ROI_49,0.0
7,ROI_53,ROI_50,0.0
7,ROI_53,ROI_51,0.0
7,ROI_53,ROI_52,0.0
7,ROI_53,ROI_53,0.0
7,ROI_53,ROI_54,0.0
7,ROI_53,ROI_55,0.0
7,ROI_53,ROI_56,0.0
7,ROI_53,ROI_58,0.0
7,ROI_54,ROI_11,0.0
7,ROI_53,ROI_60,0.0
7,ROI_53,ROI_61,0.0
7,ROI_53,ROI_62,0.0
7,ROI_54,ROI_1,0.0
7,ROI_54,ROI_2,0.0
7,ROI_54,ROI_3,0.0
7,ROI_54,ROI_4,0.0
7,ROI_54,ROI_5,0.0
7,ROI_54,ROI_6,0.0
7,ROI_54,ROI_7,0.0
7,ROI_54,ROI_8,0.0
7,ROI_54,ROI_9,0.0
7,ROI_53,ROI_44,0.0
7,ROI_53,ROI_43,0.0
7,ROI_53,ROI_42,0.0
7,ROI_53,ROI_41,0.0
7,ROI_53,ROI_16,0.0
7,ROI_53,ROI_17,0.0
7,ROI_53,ROI_18,0.0
7,ROI_53,ROI_19,0.0
7,ROI_53,ROI_20,0.0
7,ROI_53,ROI_21,0.0
7,ROI_53,ROI_22,0.0
7,ROI_53,ROI_23,0.0
7,ROI_53,ROI_24,0.0
7,ROI_53,ROI_25,0.0
7,ROI_53,ROI_26,0.0
7,ROI_53,ROI_27,0.0
7,ROI_53,ROI_28,0.0
7,ROI_53,ROI_29,0.0
7,ROI_53,ROI_30,0.0
7,ROI_53,ROI_31,0.0
7,ROI_53,ROI_32,0.0
7,ROI_53,ROI_33,0.0
7,ROI_53,ROI_34,0.0
7,ROI_53,ROI_35,0.0
7,ROI_53,ROI_36,0.0
7,ROI_53,ROI_37,0.0
7,ROI_53,ROI_38,0.0
7,ROI_53,ROI_39,0.0
7,ROI_53,ROI_40,0.0
7,ROI_54,ROI_10,0.0
7,ROI_54,ROI_12,0.0
7,ROI_51,ROI_20,0.0
7,ROI_54,ROI_55,0.0
7,ROI_54,ROI_43,0.0
7,ROI_54,ROI_44,0.0
7,ROI_54,ROI_45,0.0
7,ROI_54,ROI_46,0.0
7,ROI_54,ROI_47,0.0
7,ROI_54,ROI_48,0.0
7,ROI_54,ROI_49,0.0
7,ROI_54,ROI_50,0.0
7,ROI_54,ROI_51,0.0
7,ROI_54,ROI_52,0.0
7,ROI_54,ROI_53,0.0
7,ROI_54,ROI_54,0.0
7,ROI_54,ROI_56,0.0
7,ROI_54,ROI_13,0.0
7,ROI_54,ROI_58,0.0
7,ROI_54,ROI_59,0.0
7,ROI_54,ROI_60,0.0
7,ROI_54,ROI_61,0.0
7,ROI_54,ROI_62,0.0
7,ROI_55,ROI_1,0.0
7,ROI_55,ROI_2,0.0
7,ROI_55,ROI_3,0.0
7,ROI_55,ROI_4,0.0
7,ROI_55,ROI_5,0.0
7,ROI_55,ROI_6,0.0
7,ROI_55,ROI_7,0.0
7,ROI_54,ROI_42,0.0
7,ROI_54,ROI_41,0.0
7,ROI_54,ROI_40,0.0
7,ROI_54,ROI_39,0.0
7,ROI_54,ROI_14,0.0
7,ROI_54,ROI_15,0.0
7,ROI_54,ROI_16,0.0
7,ROI_54,ROI_17,0.0
7,ROI_54,ROI_18,0.0
7,ROI_54,ROI_19,0.0
7,ROI_54,ROI_20,0.0
7,ROI_54,ROI_21,0.0
7,ROI_54,ROI_22,0.0
7,ROI_54,ROI_23,0.0
7,ROI_54,ROI_24,0.0
7,ROI_54,ROI_25,0.0
7,ROI_54,ROI_26,0.0
7,ROI_54,ROI_27,0.0
7,ROI_54,ROI_28,0.0
7,ROI_54,ROI_29,0.0
7,ROI_54,ROI_30,0.0
7,ROI_54,ROI_31,0.0
7,ROI_54,ROI_32,0.0
7,ROI_54,ROI_33,0.0
7,ROI_54,ROI_34,0.0
7,ROI_54,ROI_35,0.0
7,ROI_54,ROI_36,0.0
7,ROI_54,ROI_37,0.0
7,ROI_54,ROI_38,0.0
7,ROI_53,ROI_15,0.0
7,ROI_53,ROI_14,0.0
7,ROI_53,ROI_13,0.0
7,ROI_52,ROI_1,0.0
7,ROI_51,ROI_50,0.0
7,ROI_51,ROI_52,0.0
7,ROI_51,ROI_53,0.0
7,ROI_51,ROI_54,0.0
7,ROI_51,ROI_55,0.0
7,ROI_51,ROI_56,0.0
7,ROI_51,ROI_57,0.0
7,ROI_51,ROI_58,0.0
7,ROI_51,ROI_59,0.0
7,ROI_51,ROI_60,0.0
7,ROI_51,ROI_61,0.0
7,ROI_51,ROI_62,0.0
7,ROI_52,ROI_2,0.0
7,ROI_53,ROI_12,0.0
7,ROI_52,ROI_3,0.0
7,ROI_52,ROI_4,0.0
7,ROI_52,ROI_5,0.0
7,ROI_52,ROI_6,0.0
7,ROI_52,ROI_7,0.0
7,ROI_52,ROI_8,0.0
7,ROI_52,ROI_9,0.0
7,ROI_52,ROI_10,0.0
7,ROI_52,ROI_11,0.0
7,ROI_52,ROI_12,0.0
7,ROI_52,ROI_13,0.0
7,ROI_52,ROI_14,0.0
7,ROI_51,ROI_49,0.0
7,ROI_51,ROI_48,0.0
7,ROI_51,ROI_47,0.0
7,ROI_51,ROI_46,0.0
7,ROI_51,ROI_21,0.0
7,ROI_51,ROI_22,0.0
7,ROI_51,ROI_23,0.0
7,ROI_51,ROI_24,0.0
7,ROI_51,ROI_25,0.0
7,ROI_51,ROI_26,0.0
7,ROI_51,ROI_27,0.0
7,ROI_51,ROI_28,0.0
7,ROI_51,ROI_29,0.0
7,ROI_51,ROI_30,0.0
7,ROI_51,ROI_31,0.0
7,ROI_51,ROI_32,0.0
7,ROI_51,ROI_33,0.0
7,ROI_51,ROI_34,0.0
7,ROI_51,ROI_35,0.0
7,ROI_51,ROI_36,0.0
7,ROI_51,ROI_37,0.0
7,ROI_51,ROI_38,0.0
7,ROI_51,ROI_39,0.0
7,ROI_51,ROI_40,0.0
7,ROI_51,ROI_41,0.0
7,ROI_51,ROI_42,0.0
7,ROI_51,ROI_43,0.0
7,ROI_51,ROI_44,0.0
7,ROI_51,ROI_45,0.0
7,ROI_52,ROI_15,0.0
7,ROI_52,ROI_16,0.0
7,ROI_52,ROI_17,0.0
7,ROI_52,ROI_46,0.0
7,ROI_52,ROI_48,0.0
7,ROI_52,ROI_49,0.0
7,ROI_52,ROI_50,0.0
7,ROI_52,ROI_51,0.0
7,ROI_52,ROI_52,0.0
7,ROI_52,ROI_53,0.0
7,ROI_52,ROI_54,0.0
7,ROI_52,ROI_55,0.0
7,ROI_52,ROI_56,0.0
7,ROI_52,ROI_57,0.0
7,ROI_52,ROI_58,0.0
7,ROI_52,ROI_59,0.0
7,ROI_52,ROI_60,0.0
7,ROI_52,ROI_62,0.0
7,ROI_53,ROI_1,0.0
7,ROI_53,ROI_2,0.0
7,ROI_53,ROI_3,0.0
7,ROI_53,ROI_4,0.0
7,ROI_53,ROI_5,0.0
7,ROI_53,ROI_6,0.0
7,ROI_53,ROI_7,0.0
7,ROI_53,ROI_8,0.0
7,ROI_53,ROI_9,0.0
7,ROI_53,ROI_10,0.0
7,ROI_53,ROI_11,0.0
7,ROI_52,ROI_47,0.0
7,ROI_52,ROI_45,0.0
7,ROI_52,ROI_18,0.0
7,ROI_52,ROI_44,0.0
7,ROI_52,ROI_19,0.0
7,ROI_52,ROI_20,0.0
7,ROI_52,ROI_21,0.0
7,ROI_52,ROI_22,0.0
7,ROI_52,ROI_23,0.0
7,ROI_52,ROI_24,0.0
7,ROI_52,ROI_25,0.0
7,ROI_52,ROI_26,0.0
7,ROI_52,ROI_27,0.0
7,ROI_52,ROI_28,0.0
7,ROI_52,ROI_29,0.0
7,ROI_52,ROI_30,0.0
7,ROI_52,ROI_31,0.0
7,ROI_52,ROI_32,0.0
7,ROI_52,ROI_33,0.0
7,ROI_52,ROI_34,0.0
7,ROI_52,ROI_35,0.0
7,ROI_52,ROI_36,0.0
7,ROI_52,ROI_37,0.0
7,ROI_52,ROI_38,0.0
7,ROI_52,ROI_39,0.0
7,ROI_52,ROI_40,0.0
7,ROI_52,ROI_41,0.0
7,ROI_52,ROI_42,0.0
7,ROI_52,ROI_43,0.0
7,ROI_32,ROI_53,0.0
7,ROI_32,ROI_1,0.0
7,ROI_32,ROI_51,0.0
7,ROI_11,ROI_59,0.0
7,ROI_11,ROI_47,0.0
7,ROI_11,ROI_48,0.0
7,ROI_11,ROI_49,0.0
7,ROI_11,ROI_50,0.0
7,ROI_11,ROI_51,0.0
7,ROI_11,ROI_52,0.0
7,ROI_11,ROI_53,0.0
7,ROI_11,ROI_54,0.0
7,ROI_11,ROI_55,0.0
7,ROI_11,ROI_56,0.0
7,ROI_11,ROI_57,0.0
7,ROI_11,ROI_58,0.0
7,ROI_11,ROI_60,0.0
7,ROI_11,ROI_13,0.0
7,ROI_11,ROI_61,0.0
7,ROI_11,ROI_62,0.0
7,ROI_12,ROI_1,0.0
7,ROI_12,ROI_2,0.0
7,ROI_12,ROI_3,0.0
7,ROI_12,ROI_4,0.0
7,ROI_12,ROI_5,0.0
7,ROI_12,ROI_7,0.0
7,ROI_12,ROI_8,0.0
7,ROI_12,ROI_9,0.0
7,ROI_12,ROI_10,0.0
7,ROI_12,ROI_11,0.0
7,ROI_11,ROI_46,0.0
7,ROI_11,ROI_44,0.0
7,ROI_11,ROI_43,0.0
7,ROI_11,ROI_42,0.0
7,ROI_11,ROI_15,0.0
7,ROI_11,ROI_16,0.0
7,ROI_11,ROI_17,0.0
7,ROI_11,ROI_18,0.0
7,ROI_11,ROI_19,0.0
7,ROI_11,ROI_21,0.0
7,ROI_11,ROI_22,0.0
7,ROI_11,ROI_23,0.0
7,ROI_11,ROI_24,0.0
7,ROI_11,ROI_25,0.0
7,ROI_11,ROI_26,0.0
7,ROI_11,ROI_27,0.0
7,ROI_11,ROI_29,0.0
7,ROI_11,ROI_30,0.0
7,ROI_11,ROI_31,0.0
7,ROI_11,ROI_32,0.0
7,ROI_11,ROI_33,0.0
7,ROI_11,ROI_34,0.0
7,ROI_11,ROI_35,0.0
7,ROI_11,ROI_36,0.0
7,ROI_11,ROI_37,0.0
7,ROI_11,ROI_38,0.0
7,ROI_11,ROI_39,0.0
7,ROI_11,ROI_40,0.0
7,ROI_11,ROI_41,0.0
7,ROI_12,ROI_12,0.0
7,ROI_12,ROI_13,0.0
7,ROI_12,ROI_15,0.0
7,ROI_12,ROI_45,0.0
7,ROI_12,ROI_47,0.0
7,ROI_12,ROI_48,0.0
7,ROI_12,ROI_49,0.0
7,ROI_12,ROI_50,0.0
7,ROI_12,ROI_51,0.0
7,ROI_12,ROI_52,0.0
7,ROI_12,ROI_53,0.0
7,ROI_12,ROI_54,0.0
7,ROI_12,ROI_55,0.0
7,ROI_12,ROI_56,0.0
7,ROI_12,ROI_57,0.0
7,ROI_12,ROI_58,0.0
7,ROI_12,ROI_59,0.0
7,ROI_12,ROI_60,0.0
7,ROI_12,ROI_61,0.0
7,ROI_12,ROI_62,0.0
7,ROI_13,ROI_1,0.0
7,ROI_13,ROI_2,0.0
7,ROI_13,ROI_3,0.0
7,ROI_13,ROI_4,0.0
7,ROI_13,ROI_5,0.0
7,ROI_13,ROI_6,0.0
7,ROI_13,ROI_7,0.0
7,ROI_13,ROI_8,0.0
7,ROI_13,ROI_9,0.0
7,ROI_12,ROI_46,0.0
7,ROI_12,ROI_44,0.0
7,ROI_12,ROI_16,0.0
7,ROI_12,ROI_43,0.0
7,ROI_12,ROI_17,0.0
7,ROI_12,ROI_18,0.0
7,ROI_12,ROI_19,0.0
7,ROI_12,ROI_20,0.0
7,ROI_12,ROI_21,0.0
7,ROI_12,ROI_22,0.0
7,ROI_12,ROI_23,0.0
7,ROI_12,ROI_24,0.0
7,ROI_12,ROI_25,0.0
7,ROI_12,ROI_26,0.0
7,ROI_12,ROI_27,0.0
7,ROI_12,ROI_28,0.0
7,ROI_12,ROI_29,0.0
7,ROI_12,ROI_30,0.0
7,ROI_12,ROI_31,0.0
7,ROI_12,ROI_32,0.0
7,ROI_12,ROI_33,0.0
7,ROI_12,ROI_34,0.0
7,ROI_12,ROI_35,0.0
7,ROI_12,ROI_36,0.0
7,ROI_12,ROI_37,0.0
7,ROI_12,ROI_38,0.0
7,ROI_12,ROI_40,0.0
7,ROI_12,ROI_41,0.0
7,ROI_12,ROI_42,0.0
7,ROI_11,ROI_14,0.0
7,ROI_11,ROI_12,0.0
7,ROI_13,ROI_12,0.0
7,ROI_9,ROI_57,0.0
7,ROI_9,ROI_43,0.0
7,ROI_9,ROI_44,0.0
7,ROI_9,ROI_45,0.0
7,ROI_9,ROI_46,0.0
7,ROI_9,ROI_47,0.0
7,ROI_9,ROI_49,0.0
7,ROI_9,ROI_50,0.0
7,ROI_9,ROI_51,0.0
7,ROI_9,ROI_52,0.0
7,ROI_9,ROI_53,0.0
7,ROI_9,ROI_54,0.0
7,ROI_9,ROI_55,0.0
7,ROI_9,ROI_58,0.0
7,ROI_11,ROI_11,0.0
7,ROI_9,ROI_59,0.0
7,ROI_9,ROI_60,0.0
7,ROI_9,ROI_61,0.0
7,ROI_9,ROI_62,0.0
7,ROI_10,ROI_1,0.0
7,ROI_10,ROI_2,0.0
7,ROI_10,ROI_3,0.0
7,ROI_10,ROI_4,0.0
7,ROI_10,ROI_5,0.0
7,ROI_10,ROI_6,0.0
7,ROI_10,ROI_7,0.0
7,ROI_10,ROI_8,0.0
7,ROI_9,ROI_42,0.0
7,ROI_9,ROI_41,0.0
7,ROI_9,ROI_40,0.0
7,ROI_9,ROI_39,0.0
7,ROI_9,ROI_13,0.0
7,ROI_9,ROI_14,0.0
7,ROI_9,ROI_15,0.0
7,ROI_9,ROI_16,0.0
7,ROI_9,ROI_17,0.0
7,ROI_9,ROI_18,0.0
7,ROI_9,ROI_19,0.0
7,ROI_9,ROI_20,0.0
7,ROI_9,ROI_21,0.0
7,ROI_9,ROI_22,0.0
7,ROI_9,ROI_23,0.0
7,ROI_9,ROI_24,0.0
7,ROI_9,ROI_26,0.0
7,ROI_9,ROI_27,0.0
7,ROI_9,ROI_28,0.0
7,ROI_9,ROI_29,0.0
7,ROI_9,ROI_30,0.0
7,ROI_9,ROI_31,0.0
7,ROI_9,ROI_32,0.0
7,ROI_9,ROI_33,0.0
7,ROI_9,ROI_34,0.0
7,ROI_9,ROI_35,0.0
7,ROI_9,ROI_36,0.0
7,ROI_9,ROI_37,0.0
7,ROI_9,ROI_38,0.0
7,ROI_10,ROI_9,0.0
7,ROI_10,ROI_11,0.0
7,ROI_10,ROI_12,0.0
7,ROI_10,ROI_45,0.0
7,ROI_10,ROI_47,0.0
7,ROI_10,ROI_48,0.0
7,ROI_10,ROI_49,0.0
7,ROI_10,ROI_50,0.0
7,ROI_10,ROI_51,0.0
7,ROI_10,ROI_52,0.0
7,ROI_10,ROI_53,0.0
7,ROI_10,ROI_54,0.0
7,ROI_10,ROI_55,0.0
7,ROI_10,ROI_56,0.0
7,ROI_10,ROI_57,0.0
7,ROI_10,ROI_58,0.0
7,ROI_10,ROI_59,0.0
7,ROI_10,ROI_60,0.0
7,ROI_10,ROI_61,0.0
7,ROI_10,ROI_62,0.0
7,ROI_11,ROI_1,0.0
7,ROI_11,ROI_2,0.0
7,ROI_11,ROI_3,0.0
7,ROI_11,ROI_4,0.0
7,ROI_11,ROI_5,0.0
7,ROI_11,ROI_6,0.0
7,ROI_11,ROI_7,0.0
7,ROI_11,ROI_8,0.0
7,ROI_11,ROI_9,0.0
7,ROI_10,ROI_46,0.0
7,ROI_10,ROI_44,0.0
7,ROI_10,ROI_13,0.0
7,ROI_10,ROI_43,0.0
7,ROI_10,ROI_14,0.0
7,ROI_10,ROI_15,0.0
7,ROI_10,ROI_16,0.0
7,ROI_10,ROI_17,0.0
7,ROI_10,ROI_18,0.0
7,ROI_10,ROI_20,0.0
7,ROI_10,ROI_21,0.0
7,ROI_10,ROI_22,0.0
7,ROI_10,ROI_24,0.0
7,ROI_10,ROI_25,0.0
7,ROI_10,ROI_26,0.0
7,ROI_10,ROI_27,0.0
7,ROI_10,ROI_28,0.0
7,ROI_10,ROI_29,0.0
7,ROI_10,ROI_30,0.0
7,ROI_10,ROI_31,0.0
7,ROI_10,ROI_32,0.0
7,ROI_10,ROI_33,0.0
7,ROI_10,ROI_34,0.0
7,ROI_10,ROI_37,0.0
7,ROI_10,ROI_38,0.0
7,ROI_10,ROI_39,0.0
7,ROI_10,ROI_40,0.0
7,ROI_10,ROI_41,0.0
7,ROI_10,ROI_42,0.0
7,ROI_13,ROI_10,0.0
7,ROI_13,ROI_13,0.0
7,ROI_9,ROI_11,0.0
7,ROI_15,ROI_56,0.0
7,ROI_15,ROI_42,0.0
7,ROI_15,ROI_43,0.0
7,ROI_15,ROI_44,0.0
7,ROI_15,ROI_45,0.0
7,ROI_15,ROI_46,0.0
7,ROI_15,ROI_47,0.0
7,ROI_15,ROI_48,0.0
7,ROI_15,ROI_49,0.0
7,ROI_15,ROI_51,0.0
7,ROI_15,ROI_53,0.0
7,ROI_15,ROI_54,0.0
7,ROI_15,ROI_55,0.0
7,ROI_15,ROI_57,0.0
7,ROI_15,ROI_10,0.0
7,ROI_15,ROI_58,0.0
7,ROI_15,ROI_59,0.0
7,ROI_15,ROI_60,0.0
7,ROI_15,ROI_61,0.0
7,ROI_15,ROI_62,0.0
7,ROI_16,ROI_1,0.0
7,ROI_16,ROI_3,0.0
7,ROI_16,ROI_4,0.0
7,ROI_16,ROI_5,0.0
7,ROI_16,ROI_6,0.0
7,ROI_16,ROI_7,0.0
7,ROI_16,ROI_8,0.0
7,ROI_15,ROI_41,0.0
7,ROI_15,ROI_40,0.0
7,ROI_15,ROI_39,0.0
7,ROI_15,ROI_37,0.0
7,ROI_15,ROI_12,0.0
7,ROI_15,ROI_13,0.0
7,ROI_15,ROI_14,0.0
7,ROI_15,ROI_15,0.0
7,ROI_15,ROI_16,0.0
7,ROI_15,ROI_17,0.0
7,ROI_15,ROI_18,0.0
7,ROI_15,ROI_19,0.0
7,ROI_15,ROI_20,0.0
7,ROI_15,ROI_21,0.0
7,ROI_15,ROI_22,0.0
7,ROI_15,ROI_23,0.0
7,ROI_15,ROI_24,0.0
7,ROI_15,ROI_25,0.0
7,ROI_15,ROI_26,0.0
7,ROI_15,ROI_27,0.0
7,ROI_15,ROI_28,0.0
7,ROI_15,ROI_29,0.0
7,ROI_15,ROI_30,0.0
7,ROI_15,ROI_31,0.0
7,ROI_15,ROI_32,0.0
7,ROI_15,ROI_33,0.0
7,ROI_15,ROI_34,0.0
7,ROI_15,ROI_35,0.0
7,ROI_15,ROI_36,0.0
7,ROI_16,ROI_9,0.0
7,ROI_16,ROI_10,0.0
7,ROI_16,ROI_11,0.0
7,ROI_16,ROI_41,0.0
7,ROI_16,ROI_43,0.0
7,ROI_16,ROI_44,0.0
7,ROI_16,ROI_45,0.0
7,ROI_16,ROI_46,0.0
7,ROI_16,ROI_47,0.0
7,ROI_16,ROI_48,0.0
7,ROI_16,ROI_50,0.0
7,ROI_16,ROI_51,0.0
7,ROI_16,ROI_52,0.0
7,ROI_16,ROI_53,0.0
7,ROI_16,ROI_54,0.0
7,ROI_16,ROI_55,0.0
7,ROI_16,ROI_56,0.0
7,ROI_16,ROI_57,0.0
7,ROI_16,ROI_58,0.0
7,ROI_16,ROI_60,0.0
7,ROI_16,ROI_61,0.0
7,ROI_16,ROI_62,0.0
7,ROI_17,ROI_2,0.0
7,ROI_17,ROI_3,0.0
7,ROI_17,ROI_4,0.0
7,ROI_17,ROI_5,0.0
7,ROI_17,ROI_6,0.0
7,ROI_17,ROI_7,0.0
7,ROI_17,ROI_8,0.0
7,ROI_16,ROI_42,0.0
7,ROI_16,ROI_40,0.0
7,ROI_16,ROI_12,0.0
7,ROI_16,ROI_39,0.0
7,ROI_16,ROI_13,0.0
7,ROI_16,ROI_14,0.0
7,ROI_16,ROI_15,0.0
7,ROI_16,ROI_16,0.0
7,ROI_16,ROI_17,0.0
7,ROI_16,ROI_18,0.0
7,ROI_16,ROI_19,0.0
7,ROI_16,ROI_20,0.0
7,ROI_16,ROI_21,0.0
7,ROI_16,ROI_22,0.0
7,ROI_16,ROI_23,0.0
7,ROI_16,ROI_24,0.0
7,ROI_16,ROI_25,0.0
7,ROI_16,ROI_26,0.0
7,ROI_16,ROI_27,0.0
7,ROI_16,ROI_28,0.0
7,ROI_16,ROI_29,0.0
7,ROI_16,ROI_30,0.0
7,ROI_16,ROI_31,0.0
7,ROI_16,ROI_32,0.0
7,ROI_16,ROI_33,0.0
7,ROI_16,ROI_34,0.0
7,ROI_16,ROI_36,0.0
7,ROI_16,ROI_37,0.0
7,ROI_16,ROI_38,0.0
7,ROI_15,ROI_11,0.0
7,ROI_15,ROI_9,0.0
7,ROI_13,ROI_14,0.0
7,ROI_13,ROI_57,0.0
7,ROI_13,ROI_45,0.0
7,ROI_13,ROI_46,0.0
7,ROI_13,ROI_47,0.0
7,ROI_13,ROI_48,0.0
7,ROI_13,ROI_49,0.0
7,ROI_13,ROI_50,0.0
7,ROI_13,ROI_51,0.0
7,ROI_13,ROI_52,0.0
7,ROI_13,ROI_53,0.0
7,ROI_13,ROI_54,0.0
7,ROI_13,ROI_55,0.0
7,ROI_13,ROI_56,0.0
7,ROI_13,ROI_58,0.0
7,ROI_15,ROI_8,0.0
7,ROI_13,ROI_59,0.0
7,ROI_13,ROI_60,0.0
7,ROI_13,ROI_61,0.0
7,ROI_13,ROI_62,0.0
7,ROI_14,ROI_1,0.0
7,ROI_14,ROI_2,0.0
7,ROI_14,ROI_4,0.0
7,ROI_14,ROI_5,0.0
7,ROI_14,ROI_6,0.0
7,ROI_14,ROI_7,0.0
7,ROI_14,ROI_8,0.0
7,ROI_14,ROI_9,0.0
7,ROI_13,ROI_44,0.0
7,ROI_13,ROI_43,0.0
7,ROI_13,ROI_42,0.0
7,ROI_13,ROI_41,0.0
7,ROI_13,ROI_15,0.0
7,ROI_13,ROI_16,0.0
7,ROI_13,ROI_17,0.0
7,ROI_13,ROI_18,0.0
7,ROI_13,ROI_19,0.0
7,ROI_13,ROI_20,0.0
7,ROI_13,ROI_21,0.0
7,ROI_13,ROI_22,0.0
7,ROI_13,ROI_23,0.0
7,ROI_13,ROI_25,0.0
7,ROI_13,ROI_26,0.0
7,ROI_13,ROI_27,0.0
7,ROI_13,ROI_28,0.0
7,ROI_13,ROI_29,0.0
7,ROI_13,ROI_30,0.0
7,ROI_13,ROI_31,0.0
7,ROI_13,ROI_32,0.0
7,ROI_13,ROI_33,0.0
7,ROI_13,ROI_34,0.0
7,ROI_13,ROI_35,0.0
7,ROI_13,ROI_36,0.0
7,ROI_13,ROI_37,0.0
7,ROI_13,ROI_38,0.0
7,ROI_13,ROI_39,0.0
7,ROI_13,ROI_40,0.0
7,ROI_14,ROI_10,0.0
7,ROI_14,ROI_11,0.0
7,ROI_14,ROI_12,0.0
7,ROI_14,ROI_42,0.0
7,ROI_14,ROI_44,0.0
7,ROI_14,ROI_45,0.0
7,ROI_14,ROI_46,0.0
7,ROI_14,ROI_47,0.0
7,ROI_14,ROI_48,0.0
7,ROI_14,ROI_49,0.0
7,ROI_14,ROI_50,0.0
7,ROI_14,ROI_51,0.0
7,ROI_14,ROI_53,0.0
7,ROI_14,ROI_54,0.0
7,ROI_14,ROI_55,0.0
7,ROI_14,ROI_56,0.0
7,ROI_14,ROI_57,0.0
7,ROI_14,ROI_58,0.0
7,ROI_14,ROI_59,0.0
7,ROI_14,ROI_60,0.0
7,ROI_14,ROI_61,0.0
7,ROI_14,ROI_62,0.0
7,ROI_15,ROI_1,0.0
7,ROI_15,ROI_2,0.0
7,ROI_15,ROI_3,0.0
7,ROI_15,ROI_4,0.0
7,ROI_15,ROI_5,0.0
7,ROI_15,ROI_6,0.0
7,ROI_15,ROI_7,0.0
7,ROI_14,ROI_43,0.0
7,ROI_14,ROI_41,0.0
7,ROI_14,ROI_13,0.0
7,ROI_14,ROI_40,0.0
7,ROI_14,ROI_14,0.0
7,ROI_14,ROI_15,0.0
7,ROI_14,ROI_16,0.0
7,ROI_14,ROI_17,0.0
7,ROI_14,ROI_18,0.0
7,ROI_14,ROI_19,0.0
7,ROI_14,ROI_20,0.0
7,ROI_14,ROI_21,0.0
7,ROI_14,ROI_22,0.0
7,ROI_14,ROI_24,0.0
7,ROI_14,ROI_25,0.0
7,ROI_14,ROI_26,0.0
7,ROI_14,ROI_27,0.0
7,ROI_14,ROI_28,0.0
7,ROI_14,ROI_29,0.0
7,ROI_14,ROI_30,0.0
7,ROI_14,ROI_31,0.0
7,ROI_14,ROI_32,0.0
7,ROI_14,ROI_33,0.0
7,ROI_14,ROI_34,0.0
7,ROI_14,ROI_35,0.0
7,ROI_14,ROI_36,0.0
7,ROI_14,ROI_37,0.0
7,ROI_14,ROI_38,0.0
7,ROI_14,ROI_39,0.0
7,ROI_9,ROI_12,0.0
7,ROI_9,ROI_10,0.0
7,ROI_17,ROI_10,0.0
7,ROI_3,ROI_55,0.0
7,ROI_3,ROI_42,0.0
7,ROI_3,ROI_43,0.0
7,ROI_3,ROI_44,0.0
7,ROI_3,ROI_45,0.0
7,ROI_3,ROI_46,0.0
7,ROI_3,ROI_47,0.0
7,ROI_3,ROI_48,0.0
7,ROI_3,ROI_50,0.0
7,ROI_3,ROI_51,0.0
7,ROI_3,ROI_52,0.0
7,ROI_3,ROI_53,0.0
7,ROI_3,ROI_54,0.0
7,ROI_3,ROI_56,0.0
7,ROI_3,ROI_9,0.0
7,ROI_3,ROI_57,0.0
7,ROI_3,ROI_58,0.0
7,ROI_3,ROI_59,0.0
7,ROI_3,ROI_60,0.0
7,ROI_3,ROI_61,0.0
7,ROI_3,ROI_62,0.0
7,ROI_4,ROI_1,0.0
7,ROI_4,ROI_2,0.0
7,ROI_4,ROI_3,0.0
7,ROI_4,ROI_5,0.0
7,ROI_4,ROI_6,0.0
7,ROI_4,ROI_7,0.0
7,ROI_3,ROI_41,0.0
7,ROI_3,ROI_40,0.0
7,ROI_3,ROI_39,0.0
7,ROI_3,ROI_38,0.0
7,ROI_3,ROI_11,0.0
7,ROI_3,ROI_12,0.0
7,ROI_3,ROI_13,0.0
7,ROI_3,ROI_14,0.0
7,ROI_3,ROI_15,0.0
7,ROI_3,ROI_16,0.0
7,ROI_3,ROI_17,0.0
7,ROI_3,ROI_18,0.0
7,ROI_3,ROI_19,0.0
7,ROI_3,ROI_20,0.0
7,ROI_3,ROI_21,0.0
7,ROI_3,ROI_22,0.0
7,ROI_3,ROI_23,0.0
7,ROI_3,ROI_25,0.0
7,ROI_3,ROI_26,0.0
7,ROI_3,ROI_27,0.0
7,ROI_3,ROI_28,0.0
7,ROI_3,ROI_29,0.0
7,ROI_3,ROI_30,0.0
7,ROI_3,ROI_31,0.0
7,ROI_3,ROI_32,0.0
7,ROI_3,ROI_34,0.0
7,ROI_3,ROI_35,0.0
7,ROI_3,ROI_36,0.0
7,ROI_3,ROI_37,0.0
7,ROI_4,ROI_8,0.0
7,ROI_4,ROI_9,0.0
7,ROI_4,ROI_10,0.0
7,ROI_4,ROI_42,0.0
7,ROI_4,ROI_44,0.0
7,ROI_4,ROI_45,0.0
7,ROI_4,ROI_46,0.0
7,ROI_4,ROI_48,0.0
7,ROI_4,ROI_49,0.0
7,ROI_4,ROI_50,0.0
7,ROI_4,ROI_51,0.0
7,ROI_4,ROI_52,0.0
7,ROI_4,ROI_53,0.0
7,ROI_4,ROI_54,0.0
7,ROI_4,ROI_55,0.0
7,ROI_4,ROI_56,0.0
7,ROI_4,ROI_57,0.0
7,ROI_4,ROI_58,0.0
7,ROI_4,ROI_59,0.0
7,ROI_4,ROI_60,0.0
7,ROI_4,ROI_61,0.0
7,ROI_4,ROI_62,0.0
7,ROI_5,ROI_1,0.0
7,ROI_5,ROI_3,0.0
7,ROI_5,ROI_4,0.0
7,ROI_5,ROI_5,0.0
7,ROI_5,ROI_6,0.0
7,ROI_5,ROI_7,0.0
7,ROI_5,ROI_8,0.0
7,ROI_4,ROI_43,0.0
7,ROI_4,ROI_41,0.0
7,ROI_4,ROI_11,0.0
7,ROI_4,ROI_40,0.0
7,ROI_4,ROI_12,0.0
7,ROI_4,ROI_13,0.0
7,ROI_4,ROI_15,0.0
7,ROI_4,ROI_16,0.0
7,ROI_4,ROI_17,0.0
7,ROI_4,ROI_18,0.0
7,ROI_4,ROI_19,0.0
7,ROI_4,ROI_20,0.0
7,ROI_4,ROI_21,0.0
7,ROI_4,ROI_22,0.0
7,ROI_4,ROI_23,0.0
7,ROI_4,ROI_24,0.0
7,ROI_4,ROI_25,0.0
7,ROI_4,ROI_26,0.0
7,ROI_4,ROI_27,0.0
7,ROI_4,ROI_28,0.0
7,ROI_4,ROI_29,0.0
7,ROI_4,ROI_30,0.0
7,ROI_4,ROI_31,0.0
7,ROI_4,ROI_34,0.0
7,ROI_4,ROI_35,0.0
7,ROI_4,ROI_36,0.0
7,ROI_4,ROI_37,0.0
7,ROI_4,ROI_38,0.0
7,ROI_4,ROI_39,0.0
7,ROI_3,ROI_10,0.0
7,ROI_3,ROI_7,0.0
7,ROI_5,ROI_10,0.0
7,ROI_1,ROI_53,0.0
7,ROI_1,ROI_41,0.0
7,ROI_1,ROI_42,0.0
7,ROI_1,ROI_43,0.0
7,ROI_1,ROI_44,0.0
7,ROI_1,ROI_45,0.0
7,ROI_1,ROI_46,0.0
7,ROI_1,ROI_47,0.0
7,ROI_1,ROI_48,0.0
7,ROI_1,ROI_49,0.0
7,ROI_1,ROI_50,0.0
7,ROI_1,ROI_51,0.0
7,ROI_1,ROI_52,0.0
7,ROI_1,ROI_54,0.0
7,ROI_3,ROI_6,0.0
7,ROI_1,ROI_55,0.0
7,ROI_1,ROI_56,0.0
7,ROI_1,ROI_57,0.0
7,ROI_1,ROI_58,0.0
7,ROI_1,ROI_60,0.0
7,ROI_1,ROI_61,0.0
7,ROI_2,ROI_1,0.0
7,ROI_2,ROI_2,0.0
7,ROI_2,ROI_3,0.0
7,ROI_2,ROI_4,0.0
7,ROI_2,ROI_5,0.0
7,ROI_2,ROI_6,0.0
7,ROI_1,ROI_40,0.0
7,ROI_1,ROI_38,0.0
7,ROI_1,ROI_37,0.0
7,ROI_1,ROI_36,0.0
7,ROI_1,ROI_3,0.0
7,ROI_1,ROI_4,0.0
7,ROI_1,ROI_5,0.0
7,ROI_1,ROI_6,0.0
7,ROI_1,ROI_7,0.0
7,ROI_1,ROI_8,0.0
7,ROI_1,ROI_9,0.0
7,ROI_1,ROI_11,0.0
7,ROI_1,ROI_12,0.0
7,ROI_1,ROI_13,0.0
7,ROI_1,ROI_14,0.0
7,ROI_1,ROI_16,0.0
7,ROI_1,ROI_18,0.0
7,ROI_1,ROI_19,0.0
7,ROI_1,ROI_22,0.0
7,ROI_1,ROI_23,0.0
7,ROI_1,ROI_24,0.0
7,ROI_1,ROI_25,0.0
7,ROI_1,ROI_26,0.0
7,ROI_1,ROI_27,0.0
7,ROI_1,ROI_29,0.0
7,ROI_1,ROI_31,0.0
7,ROI_1,ROI_32,0.0
7,ROI_1,ROI_33,0.0
7,ROI_1,ROI_34,0.0
7,ROI_2,ROI_7,0.0
7,ROI_2,ROI_8,0.0
7,ROI_2,ROI_9,0.0
7,ROI_2,ROI_41,0.0
7,ROI_2,ROI_43,0.0
7,ROI_2,ROI_44,0.0
7,ROI_2,ROI_45,0.0
7,ROI_2,ROI_46,0.0
7,ROI_2,ROI_47,0.0
7,ROI_2,ROI_48,0.0
7,ROI_2,ROI_49,0.0
7,ROI_2,ROI_50,0.0
7,ROI_2,ROI_51,0.0
7,ROI_2,ROI_52,0.0
7,ROI_2,ROI_53,0.0
7,ROI_2,ROI_54,0.0
7,ROI_2,ROI_55,0.0
7,ROI_2,ROI_56,0.0
7,ROI_2,ROI_57,0.0
7,ROI_2,ROI_58,0.0
7,ROI_2,ROI_59,0.0
7,ROI_2,ROI_60,0.0
7,ROI_2,ROI_61,0.0
7,ROI_2,ROI_62,0.0
7,ROI_3,ROI_1,0.0
7,ROI_3,ROI_2,0.0
7,ROI_3,ROI_3,0.0
7,ROI_3,ROI_4,0.0
7,ROI_3,ROI_5,0.0
7,ROI_2,ROI_42,0.0
7,ROI_2,ROI_39,0.0
7,ROI_2,ROI_10,0.0
7,ROI_2,ROI_38,0.0
7,ROI_2,ROI_11,0.0
7,ROI_2,ROI_12,0.0
7,ROI_2,ROI_13,0.0
7,ROI_2,ROI_15,0.0
7,ROI_2,ROI_16,0.0
7,ROI_2,ROI_17,0.0
7,ROI_2,ROI_18,0.0
7,ROI_2,ROI_20,0.0
7,ROI_2,ROI_21,0.0
7,ROI_2,ROI_22,0.0
7,ROI_2,ROI_23,0.0
7,ROI_2,ROI_24,0.0
7,ROI_2,ROI_25,0.0
7,ROI_2,ROI_26,0.0
7,ROI_2,ROI_27,0.0
7,ROI_2,ROI_28,0.0
7,ROI_2,ROI_29,0.0
7,ROI_2,ROI_30,0.0
7,ROI_2,ROI_31,0.0
7,ROI_2,ROI_32,0.0
7,ROI_2,ROI_33,0.0
7,ROI_2,ROI_34,0.0
7,ROI_2,ROI_35,0.0
7,ROI_2,ROI_36,0.0
7,ROI_2,ROI_37,0.0
7,ROI_5,ROI_9,0.0
7,ROI_5,ROI_11,0.0
7,ROI_9,ROI_9,0.0
7,ROI_7,ROI_57,0.0
7,ROI_7,ROI_45,0.0
7,ROI_7,ROI_46,0.0
7,ROI_7,ROI_47,0.0
7,ROI_7,ROI_48,0.0
7,ROI_7,ROI_49,0.0
7,ROI_7,ROI_50,0.0
7,ROI_7,ROI_51,0.0
7,ROI_7,ROI_52,0.0
7,ROI_7,ROI_53,0.0
7,ROI_7,ROI_54,0.0
7,ROI_7,ROI_55,0.0
7,ROI_7,ROI_56,0.0
7,ROI_7,ROI_58,0.0
7,ROI_7,ROI_11,0.0
7,ROI_7,ROI_59,0.0
7,ROI_7,ROI_60,0.0
7,ROI_7,ROI_61,0.0
7,ROI_7,ROI_62,0.0
7,ROI_8,ROI_1,0.0
7,ROI_8,ROI_2,0.0
7,ROI_8,ROI_3,0.0
7,ROI_8,ROI_4,0.0
7,ROI_8,ROI_5,0.0
7,ROI_8,ROI_6,0.0
7,ROI_8,ROI_7,0.0
7,ROI_8,ROI_8,0.0
7,ROI_7,ROI_44,0.0
7,ROI_7,ROI_43,0.0
7,ROI_7,ROI_42,0.0
7,ROI_7,ROI_41,0.0
7,ROI_7,ROI_13,0.0
7,ROI_7,ROI_14,0.0
7,ROI_7,ROI_16,0.0
7,ROI_7,ROI_17,0.0
7,ROI_7,ROI_18,0.0
7,ROI_7,ROI_19,0.0
7,ROI_7,ROI_20,0.0
7,ROI_7,ROI_21,0.0
7,ROI_7,ROI_22,0.0
7,ROI_7,ROI_23,0.0
7,ROI_7,ROI_24,0.0
7,ROI_7,ROI_25,0.0
7,ROI_7,ROI_26,0.0
7,ROI_7,ROI_27,0.0
7,ROI_7,ROI_28,0.0
7,ROI_7,ROI_29,0.0
7,ROI_7,ROI_30,0.0
7,ROI_7,ROI_31,0.0
7,ROI_7,ROI_32,0.0
7,ROI_7,ROI_33,0.0
7,ROI_7,ROI_34,0.0
7,ROI_7,ROI_35,0.0
7,ROI_7,ROI_37,0.0
7,ROI_7,ROI_38,0.0
7,ROI_7,ROI_39,0.0
7,ROI_8,ROI_10,0.0
7,ROI_8,ROI_11,0.0
7,ROI_8,ROI_12,0.0
7,ROI_8,ROI_43,0.0
7,ROI_8,ROI_45,0.0
7,ROI_8,ROI_46,0.0
7,ROI_8,ROI_47,0.0
7,ROI_8,ROI_48,0.0
7,ROI_8,ROI_49,0.0
7,ROI_8,ROI_50,0.0
7,ROI_8,ROI_51,0.0
7,ROI_8,ROI_52,0.0
7,ROI_8,ROI_53,0.0
7,ROI_8,ROI_54,0.0
7,ROI_8,ROI_55,0.0
7,ROI_8,ROI_56,0.0
7,ROI_8,ROI_57,0.0
7,ROI_8,ROI_59,0.0
7,ROI_8,ROI_60,0.0
7,ROI_8,ROI_61,0.0
7,ROI_8,ROI_62,0.0
7,ROI_9,ROI_1,0.0
7,ROI_9,ROI_2,0.0
7,ROI_9,ROI_3,0.0
7,ROI_9,ROI_4,0.0
7,ROI_9,ROI_5,0.0
7,ROI_9,ROI_6,0.0
7,ROI_9,ROI_7,0.0
7,ROI_9,ROI_8,0.0
7,ROI_8,ROI_44,0.0
7,ROI_8,ROI_42,0.0
7,ROI_8,ROI_13,0.0
7,ROI_8,ROI_41,0.0
7,ROI_8,ROI_14,0.0
7,ROI_8,ROI_15,0.0
7,ROI_8,ROI_16,0.0
7,ROI_8,ROI_17,0.0
7,ROI_8,ROI_18,0.0
7,ROI_8,ROI_19,0.0
7,ROI_8,ROI_20,0.0
7,ROI_8,ROI_21,0.0
7,ROI_8,ROI_22,0.0
7,ROI_8,ROI_24,0.0
7,ROI_8,ROI_25,0.0
7,ROI_8,ROI_26,0.0
7,ROI_8,ROI_27,0.0
7,ROI_8,ROI_28,0.0
7,ROI_8,ROI_29,0.0
7,ROI_8,ROI_30,0.0
7,ROI_8,ROI_31,0.0
7,ROI_8,ROI_32,0.0
7,ROI_8,ROI_33,0.0
7,ROI_8,ROI_34,0.0
7,ROI_8,ROI_35,0.0
7,ROI_8,ROI_36,0.0
7,ROI_8,ROI_38,0.0
7,ROI_8,ROI_39,0.0
7,ROI_8,ROI_40,0.0
7,ROI_7,ROI_12,0.0
7,ROI_7,ROI_10,0.0
7,ROI_5,ROI_12,0.0
7,ROI_5,ROI_57,0.0
7,ROI_5,ROI_44,0.0
7,ROI_5,ROI_45,0.0
7,ROI_5,ROI_46,0.0
7,ROI_5,ROI_47,0.0
7,ROI_5,ROI_48,0.0
7,ROI_5,ROI_49,0.0
7,ROI_5,ROI_50,0.0
7,ROI_5,ROI_51,0.0
7,ROI_5,ROI_52,0.0
7,ROI_5,ROI_54,0.0
7,ROI_5,ROI_55,0.0
7,ROI_5,ROI_56,0.0
7,ROI_5,ROI_60,0.0
7,ROI_7,ROI_9,0.0
7,ROI_5,ROI_61,0.0
7,ROI_5,ROI_62,0.0
7,ROI_6,ROI_1,0.0
7,ROI_6,ROI_2,0.0
7,ROI_6,ROI_3,0.0
7,ROI_6,ROI_4,0.0
7,ROI_6,ROI_5,0.0
7,ROI_6,ROI_6,0.0
7,ROI_6,ROI_7,0.0
7,ROI_6,ROI_8,0.0
7,ROI_6,ROI_9,0.0
7,ROI_6,ROI_10,0.0
7,ROI_5,ROI_43,0.0
7,ROI_5,ROI_42,0.0
7,ROI_5,ROI_41,0.0
7,ROI_5,ROI_40,0.0
7,ROI_5,ROI_13,0.0
7,ROI_5,ROI_14,0.0
7,ROI_5,ROI_15,0.0
7,ROI_5,ROI_16,0.0
7,ROI_5,ROI_17,0.0
7,ROI_5,ROI_18,0.0
7,ROI_5,ROI_19,0.0
7,ROI_5,ROI_20,0.0
7,ROI_5,ROI_21,0.0
7,ROI_5,ROI_23,0.0
7,ROI_5,ROI_24,0.0
7,ROI_5,ROI_25,0.0
7,ROI_5,ROI_26,0.0
7,ROI_5,ROI_27,0.0
7,ROI_5,ROI_28,0.0
7,ROI_5,ROI_29,0.0
7,ROI_5,ROI_30,0.0
7,ROI_5,ROI_31,0.0
7,ROI_5,ROI_32,0.0
7,ROI_5,ROI_33,0.0
7,ROI_5,ROI_34,0.0
7,ROI_5,ROI_35,0.0
7,ROI_5,ROI_37,0.0
7,ROI_5,ROI_38,0.0
7,ROI_5,ROI_39,0.0
7,ROI_6,ROI_11,0.0
7,ROI_6,ROI_12,0.0
7,ROI_6,ROI_13,0.0
7,ROI_6,ROI_42,0.0
7,ROI_6,ROI_44,0.0
7,ROI_6,ROI_45,0.0
7,ROI_6,ROI_46,0.0
7,ROI_6,ROI_47,0.0
7,ROI_6,ROI_48,0.0
7,ROI_6,ROI_49,0.0
7,ROI_6,ROI_50,0.0
7,ROI_6,ROI_51,0.0
7,ROI_6,ROI_52,0.0
7,ROI_6,ROI_53,0.0
7,ROI_6,ROI_54,0.0
7,ROI_6,ROI_55,0.0
7,ROI_6,ROI_56,0.0
7,ROI_6,ROI_57,0.0
7,ROI_6,ROI_59,0.0
7,ROI_6,ROI_60,0.0
7,ROI_6,ROI_62,0.0
7,ROI_7,ROI_1,0.0
7,ROI_7,ROI_2,0.0
7,ROI_7,ROI_3,0.0
7,ROI_7,ROI_4,0.0
7,ROI_7,ROI_5,0.0
7,ROI_7,ROI_6,0.0
7,ROI_7,ROI_7,0.0
7,ROI_7,ROI_8,0.0
7,ROI_6,ROI_43,0.0
7,ROI_6,ROI_41,0.0
7,ROI_6,ROI_14,0.0
7,ROI_6,ROI_40,0.0
7,ROI_6,ROI_15,0.0
7,ROI_6,ROI_16,0.0
7,ROI_6,ROI_17,0.0
7,ROI_6,ROI_18,0.0
7,ROI_6,ROI_19,0.0
7,ROI_6,ROI_20,0.0
7,ROI_6,ROI_21,0.0
7,ROI_6,ROI_22,0.0
7,ROI_6,ROI_23,0.0
7,ROI_6,ROI_24,0.0
7,ROI_6,ROI_25,0.0
7,ROI_6,ROI_26,0.0
7,ROI_6,ROI_27,0.0
7,ROI_6,ROI_28,0.0
7,ROI_6,ROI_29,0.0
7,ROI_6,ROI_30,0.0
7,ROI_6,ROI_31,0.0
7,ROI_6,ROI_32,0.0
7,ROI_6,ROI_33,0.0
7,ROI_6,ROI_34,0.0
7,ROI_6,ROI_35,0.0
7,ROI_6,ROI_36,0.0
7,ROI_6,ROI_37,0.0
7,ROI_6,ROI_38,0.0
7,ROI_6,ROI_39,0.0
7,ROI_17,ROI_9,0.0
7,ROI_17,ROI_11,0.0
7,ROI_32,ROI_50,0.0
7,ROI_27,ROI_41,0.0
7,ROI_27,ROI_28,0.0
7,ROI_27,ROI_29,0.0
7,ROI_27,ROI_30,0.0
7,ROI_27,ROI_31,0.0
7,ROI_27,ROI_32,0.0
7,ROI_27,ROI_33,0.0
7,ROI_27,ROI_34,0.0
7,ROI_27,ROI_35,0.0
7,ROI_27,ROI_37,0.0
7,ROI_27,ROI_38,0.0
7,ROI_27,ROI_39,0.0
7,ROI_27,ROI_40,0.0
7,ROI_27,ROI_42,0.0
7,ROI_26,ROI_58,0.0
7,ROI_27,ROI_43,0.0
7,ROI_27,ROI_44,0.0
7,ROI_27,ROI_45,0.0
7,ROI_27,ROI_46,0.0
7,ROI_27,ROI_47,0.0
7,ROI_27,ROI_48,0.0
7,ROI_27,ROI_49,0.0
7,ROI_27,ROI_50,0.0
7,ROI_27,ROI_51,0.0
7,ROI_27,ROI_52,0.0
7,ROI_27,ROI_53,0.0
7,ROI_27,ROI_54,0.0
7,ROI_27,ROI_27,0.0
7,ROI_27,ROI_26,0.0
7,ROI_27,ROI_25,0.0
7,ROI_27,ROI_24,0.0
7,ROI_26,ROI_60,0.0
7,ROI_26,ROI_61,0.0
7,ROI_26,ROI_62,0.0
7,ROI_27,ROI_1,0.0
7,ROI_27,ROI_2,0.0
7,ROI_27,ROI_3,0.0
7,ROI_27,ROI_4,0.0
7,ROI_27,ROI_5,0.0
7,ROI_27,ROI_6,0.0
7,ROI_27,ROI_7,0.0
7,ROI_27,ROI_8,0.0
7,ROI_27,ROI_9,0.0
7,ROI_27,ROI_10,0.0
7,ROI_27,ROI_11,0.0
7,ROI_27,ROI_12,0.0
7,ROI_27,ROI_13,0.0
7,ROI_27,ROI_14,0.0
7,ROI_27,ROI_15,0.0
7,ROI_27,ROI_16,0.0
7,ROI_27,ROI_17,0.0
7,ROI_27,ROI_18,0.0
7,ROI_27,ROI_19,0.0
7,ROI_27,ROI_20,0.0
7,ROI_27,ROI_21,0.0
7,ROI_27,ROI_22,0.0
7,ROI_27,ROI_55,0.0
7,ROI_27,ROI_56,0.0
7,ROI_27,ROI_58,0.0
7,ROI_28,ROI_27,0.0
7,ROI_28,ROI_29,0.0
7,ROI_28,ROI_30,0.0
7,ROI_28,ROI_31,0.0
7,ROI_28,ROI_32,0.0
7,ROI_28,ROI_33,0.0
7,ROI_28,ROI_34,0.0
7,ROI_28,ROI_35,0.0
7,ROI_28,ROI_36,0.0
7,ROI_28,ROI_37,0.0
7,ROI_28,ROI_38,0.0
7,ROI_28,ROI_39,0.0
7,ROI_28,ROI_40,0.0
7,ROI_28,ROI_41,0.0
7,ROI_28,ROI_42,0.0
7,ROI_28,ROI_43,0.0
7,ROI_28,ROI_44,0.0
7,ROI_28,ROI_45,0.0
7,ROI_28,ROI_46,0.0
7,ROI_28,ROI_47,0.0
7,ROI_28,ROI_48,0.0
7,ROI_28,ROI_49,0.0
7,ROI_28,ROI_50,0.0
7,ROI_28,ROI_51,0.0
7,ROI_28,ROI_52,0.0
7,ROI_28,ROI_53,0.0
7,ROI_28,ROI_28,0.0
7,ROI_28,ROI_26,0.0
7,ROI_27,ROI_59,0.0
7,ROI_28,ROI_25,0.0
7,ROI_27,ROI_60,0.0
7,ROI_27,ROI_62,0.0
7,ROI_28,ROI_2,0.0
7,ROI_28,ROI_3,0.0
7,ROI_28,ROI_4,0.0
7,ROI_28,ROI_5,0.0
7,ROI_28,ROI_6,0.0
7,ROI_28,ROI_7,0.0
7,ROI_28,ROI_8,0.0
7,ROI_28,ROI_9,0.0
7,ROI_28,ROI_10,0.0
7,ROI_28,ROI_11,0.0
7,ROI_28,ROI_12,0.0
7,ROI_28,ROI_13,0.0
7,ROI_28,ROI_14,0.0
7,ROI_28,ROI_15,0.0
7,ROI_28,ROI_16,0.0
7,ROI_28,ROI_17,0.0
7,ROI_28,ROI_18,0.0
7,ROI_28,ROI_19,0.0
7,ROI_28,ROI_20,0.0
7,ROI_28,ROI_21,0.0
7,ROI_28,ROI_22,0.0
7,ROI_28,ROI_23,0.0
7,ROI_28,ROI_24,0.0
7,ROI_26,ROI_59,0.0
7,ROI_26,ROI_57,0.0
7,ROI_28,ROI_55,0.0
7,ROI_25,ROI_45,0.0
7,ROI_25,ROI_33,0.0
7,ROI_25,ROI_34,0.0
7,ROI_25,ROI_35,0.0
7,ROI_25,ROI_36,0.0
7,ROI_25,ROI_37,0.0
7,ROI_25,ROI_38,0.0
7,ROI_25,ROI_39,0.0
7,ROI_25,ROI_40,0.0
7,ROI_25,ROI_41,0.0
7,ROI_25,ROI_42,0.0
7,ROI_25,ROI_43,0.0
7,ROI_25,ROI_44,0.0
7,ROI_25,ROI_46,0.0
7,ROI_26,ROI_56,0.0
7,ROI_25,ROI_47,0.0
7,ROI_25,ROI_48,0.0
7,ROI_25,ROI_49,0.0
7,ROI_25,ROI_50,0.0
7,ROI_25,ROI_51,0.0
7,ROI_25,ROI_52,0.0
7,ROI_25,ROI_53,0.0
7,ROI_25,ROI_54,0.0
7,ROI_25,ROI_55,0.0
7,ROI_25,ROI_56,0.0
7,ROI_25,ROI_57,0.0
7,ROI_25,ROI_58,0.0
7,ROI_25,ROI_32,0.0
7,ROI_25,ROI_31,0.0
7,ROI_25,ROI_30,0.0
7,ROI_25,ROI_29,0.0
7,ROI_25,ROI_4,0.0
7,ROI_25,ROI_5,0.0
7,ROI_25,ROI_6,0.0
7,ROI_25,ROI_7,0.0
7,ROI_25,ROI_8,0.0
7,ROI_25,ROI_9,0.0
7,ROI_25,ROI_10,0.0
7,ROI_25,ROI_11,0.0
7,ROI_25,ROI_12,0.0
7,ROI_25,ROI_13,0.0
7,ROI_25,ROI_14,0.0
7,ROI_25,ROI_15,0.0
7,ROI_25,ROI_16,0.0
7,ROI_25,ROI_17,0.0
7,ROI_25,ROI_18,0.0
7,ROI_25,ROI_19,0.0
7,ROI_25,ROI_20,0.0
7,ROI_25,ROI_21,0.0
7,ROI_25,ROI_22,0.0
7,ROI_25,ROI_23,0.0
7,ROI_25,ROI_24,0.0
7,ROI_25,ROI_25,0.0
7,ROI_25,ROI_26,0.0
7,ROI_25,ROI_27,0.0
7,ROI_25,ROI_28,0.0
7,ROI_25,ROI_59,0.0
7,ROI_25,ROI_60,0.0
7,ROI_25,ROI_61,0.0
7,ROI_26,ROI_29,0.0
7,ROI_26,ROI_31,0.0
7,ROI_26,ROI_32,0.0
7,ROI_26,ROI_33,0.0
7,ROI_26,ROI_34,0.0
7,ROI_26,ROI_35,0.0
7,ROI_26,ROI_36,0.0
7,ROI_26,ROI_37,0.0
7,ROI_26,ROI_38,0.0
7,ROI_26,ROI_39,0.0
7,ROI_26,ROI_40,0.0
7,ROI_26,ROI_41,0.0
7,ROI_26,ROI_42,0.0
7,ROI_26,ROI_43,0.0
7,ROI_26,ROI_44,0.0
7,ROI_26,ROI_45,0.0
7,ROI_26,ROI_46,0.0
7,ROI_26,ROI_47,0.0
7,ROI_26,ROI_48,0.0
7,ROI_26,ROI_49,0.0
7,ROI_26,ROI_50,0.0
7,ROI_26,ROI_51,0.0
7,ROI_26,ROI_52,0.0
7,ROI_26,ROI_53,0.0
7,ROI_26,ROI_54,0.0
7,ROI_26,ROI_55,0.0
7,ROI_26,ROI_30,0.0
7,ROI_26,ROI_28,0.0
7,ROI_25,ROI_62,0.0
7,ROI_26,ROI_27,0.0
7,ROI_26,ROI_1,0.0
7,ROI_26,ROI_2,0.0
7,ROI_26,ROI_3,0.0
7,ROI_26,ROI_4,0.0
7,ROI_26,ROI_5,0.0
7,ROI_26,ROI_6,0.0
7,ROI_26,ROI_7,0.0
7,ROI_26,ROI_8,0.0
7,ROI_26,ROI_9,0.0
7,ROI_26,ROI_10,0.0
7,ROI_26,ROI_11,0.0
7,ROI_26,ROI_12,0.0
7,ROI_26,ROI_14,0.0
7,ROI_26,ROI_15,0.0
7,ROI_26,ROI_16,0.0
7,ROI_26,ROI_17,0.0
7,ROI_26,ROI_18,0.0
7,ROI_26,ROI_19,0.0
7,ROI_26,ROI_20,0.0
7,ROI_26,ROI_21,0.0
7,ROI_26,ROI_22,0.0
7,ROI_26,ROI_23,0.0
7,ROI_26,ROI_24,0.0
7,ROI_26,ROI_25,0.0
7,ROI_26,ROI_26,0.0
7,ROI_28,ROI_54,0.0
7,ROI_28,ROI_56,0.0
7,ROI_25,ROI_2,0.0
7,ROI_31,ROI_35,0.0
7,ROI_31,ROI_23,0.0
7,ROI_31,ROI_24,0.0
7,ROI_31,ROI_25,0.0
7,ROI_31,ROI_26,0.0
7,ROI_31,ROI_27,0.0
7,ROI_31,ROI_28,0.0
7,ROI_31,ROI_29,0.0
7,ROI_31,ROI_30,0.0
7,ROI_31,ROI_31,0.0
7,ROI_31,ROI_32,0.0
7,ROI_31,ROI_33,0.0
7,ROI_31,ROI_34,0.0
7,ROI_31,ROI_36,0.0
7,ROI_30,ROI_53,0.0
7,ROI_31,ROI_37,0.0
7,ROI_31,ROI_38,0.0
7,ROI_31,ROI_39,0.0
7,ROI_31,ROI_40,0.0
7,ROI_31,ROI_41,0.0
7,ROI_31,ROI_42,0.0
7,ROI_31,ROI_43,0.0
7,ROI_31,ROI_44,0.0
7,ROI_31,ROI_45,0.0
7,ROI_31,ROI_47,0.0
7,ROI_31,ROI_48,0.0
7,ROI_31,ROI_49,0.0
7,ROI_31,ROI_22,0.0
7,ROI_31,ROI_21,0.0
7,ROI_31,ROI_20,0.0
7,ROI_31,ROI_19,0.0
7,ROI_30,ROI_55,0.0
7,ROI_30,ROI_56,0.0
7,ROI_30,ROI_57,0.0
7,ROI_30,ROI_58,0.0
7,ROI_30,ROI_59,0.0
7,ROI_30,ROI_60,0.0
7,ROI_30,ROI_61,0.0
7,ROI_30,ROI_62,0.0
7,ROI_31,ROI_1,0.0
7,ROI_31,ROI_2,0.0
7,ROI_31,ROI_3,0.0
7,ROI_31,ROI_4,0.0
7,ROI_31,ROI_5,0.0
7,ROI_31,ROI_6,0.0
7,ROI_31,ROI_7,0.0
7,ROI_31,ROI_8,0.0
7,ROI_31,ROI_9,0.0
7,ROI_31,ROI_10,0.0
7,ROI_31,ROI_11,0.0
7,ROI_31,ROI_12,0.0
7,ROI_31,ROI_13,0.0
7,ROI_31,ROI_14,0.0
7,ROI_31,ROI_15,0.0
7,ROI_31,ROI_17,0.0
7,ROI_31,ROI_18,0.0
7,ROI_31,ROI_50,0.0
7,ROI_31,ROI_51,0.0
7,ROI_31,ROI_52,0.0
7,ROI_32,ROI_21,0.0
7,ROI_32,ROI_24,0.0
7,ROI_32,ROI_25,0.0
7,ROI_32,ROI_26,0.0
7,ROI_32,ROI_27,0.0
7,ROI_32,ROI_28,0.0
7,ROI_32,ROI_29,0.0
7,ROI_32,ROI_30,0.0
7,ROI_32,ROI_31,0.0
7,ROI_32,ROI_32,0.0
7,ROI_32,ROI_33,0.0
7,ROI_32,ROI_34,0.0
7,ROI_32,ROI_35,0.0
7,ROI_32,ROI_36,0.0
7,ROI_32,ROI_37,0.0
7,ROI_32,ROI_38,0.0
7,ROI_32,ROI_39,0.0
7,ROI_32,ROI_40,0.0
7,ROI_32,ROI_41,0.0
7,ROI_32,ROI_42,0.0
7,ROI_32,ROI_43,0.0
7,ROI_32,ROI_45,0.0
7,ROI_32,ROI_46,0.0
7,ROI_32,ROI_47,0.0
7,ROI_32,ROI_48,0.0
7,ROI_32,ROI_49,0.0
7,ROI_32,ROI_22,0.0
7,ROI_32,ROI_20,0.0
7,ROI_31,ROI_53,0.0
7,ROI_32,ROI_19,0.0
7,ROI_31,ROI_54,0.0
7,ROI_31,ROI_55,0.0
7,ROI_31,ROI_56,0.0
7,ROI_31,ROI_58,0.0
7,ROI_31,ROI_59,0.0
7,ROI_31,ROI_60,0.0
7,ROI_31,ROI_61,0.0
7,ROI_31,ROI_62,0.0
7,ROI_1,ROI_2,0.0
7,ROI_32,ROI_2,0.0
7,ROI_32,ROI_3,0.0
7,ROI_32,ROI_4,0.0
7,ROI_32,ROI_5,0.0
7,ROI_32,ROI_6,0.0
7,ROI_32,ROI_7,0.0
7,ROI_32,ROI_8,0.0
7,ROI_32,ROI_9,0.0
7,ROI_32,ROI_10,0.0
7,ROI_32,ROI_11,0.0
7,ROI_32,ROI_12,0.0
7,ROI_32,ROI_13,0.0
7,ROI_32,ROI_14,0.0
7,ROI_32,ROI_15,0.0
7,ROI_32,ROI_17,0.0
7,ROI_32,ROI_18,0.0
7,ROI_30,ROI_54,0.0
7,ROI_30,ROI_52,0.0
7,ROI_28,ROI_57,0.0
7,ROI_29,ROI_38,0.0
7,ROI_29,ROI_26,0.0
7,ROI_29,ROI_27,0.0
7,ROI_29,ROI_28,0.0
7,ROI_29,ROI_29,0.0
7,ROI_29,ROI_30,0.0
7,ROI_29,ROI_31,0.0
7,ROI_29,ROI_32,0.0
7,ROI_29,ROI_33,0.0
7,ROI_29,ROI_34,0.0
7,ROI_29,ROI_35,0.0
7,ROI_29,ROI_36,0.0
7,ROI_29,ROI_37,0.0
7,ROI_29,ROI_39,0.0
7,ROI_30,ROI_51,0.0
7,ROI_29,ROI_40,0.0
7,ROI_29,ROI_41,0.0
7,ROI_29,ROI_42,0.0
7,ROI_29,ROI_43,0.0
7,ROI_29,ROI_44,0.0
7,ROI_29,ROI_45,0.0
7,ROI_29,ROI_46,0.0
7,ROI_29,ROI_47,0.0
7,ROI_29,ROI_48,0.0
7,ROI_29,ROI_49,0.0
7,ROI_29,ROI_50,0.0
7,ROI_29,ROI_51,0.0
7,ROI_29,ROI_25,0.0
7,ROI_29,ROI_24,0.0
7,ROI_29,ROI_23,0.0
7,ROI_29,ROI_22,0.0
7,ROI_28,ROI_58,0.0
7,ROI_28,ROI_59,0.0
7,ROI_28,ROI_60,0.0
7,ROI_28,ROI_61,0.0
7,ROI_28,ROI_62,0.0
7,ROI_29,ROI_1,0.0
7,ROI_29,ROI_2,0.0
7,ROI_29,ROI_3,0.0
7,ROI_29,ROI_4,0.0
7,ROI_29,ROI_5,0.0
7,ROI_29,ROI_6,0.0
7,ROI_29,ROI_7,0.0
7,ROI_29,ROI_8,0.0
7,ROI_29,ROI_9,0.0
7,ROI_29,ROI_10,0.0
7,ROI_29,ROI_11,0.0
7,ROI_29,ROI_12,0.0
7,ROI_29,ROI_13,0.0
7,ROI_29,ROI_14,0.0
7,ROI_29,ROI_15,0.0
7,ROI_29,ROI_16,0.0
7,ROI_29,ROI_17,0.0
7,ROI_29,ROI_18,0.0
7,ROI_29,ROI_20,0.0
7,ROI_29,ROI_21,0.0
7,ROI_29,ROI_52,0.0
7,ROI_29,ROI_53,0.0
7,ROI_29,ROI_54,0.0
7,ROI_30,ROI_23,0.0
7,ROI_30,ROI_25,0.0
7,ROI_30,ROI_26,0.0
7,ROI_30,ROI_27,0.0
7,ROI_30,ROI_28,0.0
7,ROI_30,ROI_29,0.0
7,ROI_30,ROI_30,0.0
7,ROI_30,ROI_31,0.0
7,ROI_30,ROI_32,0.0
7,ROI_30,ROI_33,0.0
7,ROI_30,ROI_34,0.0
7,ROI_30,ROI_35,0.0
7,ROI_30,ROI_36,0.0
7,ROI_30,ROI_37,0.0
7,ROI_30,ROI_38,0.0
7,ROI_30,ROI_39,0.0
7,ROI_30,ROI_41,0.0
7,ROI_30,ROI_42,0.0
7,ROI_30,ROI_43,0.0
7,ROI_30,ROI_44,0.0
7,ROI_30,ROI_45,0.0
7,ROI_30,ROI_46,0.0
7,ROI_30,ROI_47,0.0
7,ROI_30,ROI_48,0.0
7,ROI_30,ROI_49,0.0
7,ROI_30,ROI_50,0.0
7,ROI_30,ROI_24,0.0
7,ROI_30,ROI_22,0.0
7,ROI_29,ROI_55,0.0
7,ROI_30,ROI_21,0.0
7,ROI_29,ROI_56,0.0
7,ROI_29,ROI_57,0.0
7,ROI_29,ROI_58,0.0
7,ROI_29,ROI_59,0.0
7,ROI_29,ROI_60,0.0
7,ROI_29,ROI_61,0.0
7,ROI_29,ROI_62,0.0
7,ROI_30,ROI_1,0.0
7,ROI_30,ROI_2,0.0
7,ROI_30,ROI_3,0.0
7,ROI_30,ROI_4,0.0
7,ROI_30,ROI_5,0.0
7,ROI_30,ROI_8,0.0
7,ROI_30,ROI_9,0.0
7,ROI_30,ROI_10,0.0
7,ROI_30,ROI_11,0.0
7,ROI_30,ROI_12,0.0
7,ROI_30,ROI_13,0.0
7,ROI_30,ROI_14,0.0
7,ROI_30,ROI_15,0.0
7,ROI_30,ROI_16,0.0
7,ROI_30,ROI_17,0.0
7,ROI_30,ROI_18,0.0
7,ROI_30,ROI_19,0.0
7,ROI_30,ROI_20,0.0
7,ROI_25,ROI_3,0.0
7,ROI_25,ROI_1,0.0
7,ROI_17,ROI_12,0.0
7,ROI_19,ROI_51,0.0
7,ROI_19,ROI_39,0.0
7,ROI_19,ROI_40,0.0
7,ROI_19,ROI_41,0.0
7,ROI_19,ROI_42,0.0
7,ROI_19,ROI_43,0.0
7,ROI_19,ROI_44,0.0
7,ROI_19,ROI_45,0.0
7,ROI_19,ROI_46,0.0
7,ROI_19,ROI_47,0.0
7,ROI_19,ROI_48,0.0
7,ROI_19,ROI_49,0.0
7,ROI_19,ROI_50,0.0
7,ROI_19,ROI_52,0.0
7,ROI_19,ROI_8,0.0
7,ROI_19,ROI_53,0.0
7,ROI_19,ROI_54,0.0
7,ROI_19,ROI_55,0.0
7,ROI_19,ROI_56,0.0
7,ROI_19,ROI_57,0.0
7,ROI_19,ROI_58,0.0
7,ROI_19,ROI_59,0.0
7,ROI_19,ROI_60,0.0
7,ROI_19,ROI_61,0.0
7,ROI_19,ROI_62,0.0
7,ROI_20,ROI_1,0.0
7,ROI_20,ROI_2,0.0
7,ROI_19,ROI_38,0.0
7,ROI_19,ROI_37,0.0
7,ROI_19,ROI_36,0.0
7,ROI_19,ROI_35,0.0
7,ROI_19,ROI_10,0.0
7,ROI_19,ROI_11,0.0
7,ROI_19,ROI_12,0.0
7,ROI_19,ROI_13,0.0
7,ROI_19,ROI_14,0.0
7,ROI_19,ROI_15,0.0
7,ROI_19,ROI_16,0.0
7,ROI_19,ROI_17,0.0
7,ROI_19,ROI_18,0.0
7,ROI_19,ROI_19,0.0
7,ROI_19,ROI_20,0.0
7,ROI_19,ROI_21,0.0
7,ROI_19,ROI_22,0.0
7,ROI_19,ROI_23,0.0
7,ROI_19,ROI_24,0.0
7,ROI_19,ROI_25,0.0
7,ROI_19,ROI_26,0.0
7,ROI_19,ROI_27,0.0
7,ROI_19,ROI_28,0.0
7,ROI_19,ROI_29,0.0
7,ROI_19,ROI_30,0.0
7,ROI_19,ROI_31,0.0
7,ROI_19,ROI_32,0.0
7,ROI_19,ROI_33,0.0
7,ROI_19,ROI_34,0.0
7,ROI_20,ROI_3,0.0
7,ROI_20,ROI_4,0.0
7,ROI_20,ROI_5,0.0
7,ROI_20,ROI_36,0.0
7,ROI_20,ROI_38,0.0
7,ROI_20,ROI_39,0.0
7,ROI_20,ROI_40,0.0
7,ROI_20,ROI_41,0.0
7,ROI_20,ROI_42,0.0
7,ROI_20,ROI_44,0.0
7,ROI_20,ROI_45,0.0
7,ROI_20,ROI_46,0.0
7,ROI_20,ROI_47,0.0
7,ROI_20,ROI_48,0.0
7,ROI_20,ROI_49,0.0
7,ROI_20,ROI_50,0.0
7,ROI_20,ROI_51,0.0
7,ROI_20,ROI_52,0.0
7,ROI_20,ROI_53,0.0
7,ROI_20,ROI_54,0.0
7,ROI_20,ROI_55,0.0
7,ROI_20,ROI_56,0.0
7,ROI_20,ROI_57,0.0
7,ROI_20,ROI_58,0.0
7,ROI_20,ROI_59,0.0
7,ROI_20,ROI_60,0.0
7,ROI_20,ROI_61,0.0
7,ROI_20,ROI_62,0.0
7,ROI_21,ROI_1,0.0
7,ROI_20,ROI_37,0.0
7,ROI_20,ROI_35,0.0
7,ROI_20,ROI_6,0.0
7,ROI_20,ROI_34,0.0
7,ROI_20,ROI_7,0.0
7,ROI_20,ROI_8,0.0
7,ROI_20,ROI_9,0.0
7,ROI_20,ROI_10,0.0
7,ROI_20,ROI_11,0.0
7,ROI_20,ROI_12,0.0
7,ROI_20,ROI_13,0.0
7,ROI_20,ROI_14,0.0
7,ROI_20,ROI_15,0.0
7,ROI_20,ROI_16,0.0
7,ROI_20,ROI_17,0.0
7,ROI_20,ROI_18,0.0
7,ROI_20,ROI_19,0.0
7,ROI_20,ROI_20,0.0
7,ROI_20,ROI_21,0.0
7,ROI_20,ROI_22,0.0
7,ROI_20,ROI_23,0.0
7,ROI_20,ROI_24,0.0
7,ROI_20,ROI_25,0.0
7,ROI_20,ROI_26,0.0
7,ROI_20,ROI_27,0.0
7,ROI_20,ROI_28,0.0
7,ROI_20,ROI_29,0.0
7,ROI_20,ROI_30,0.0
7,ROI_20,ROI_32,0.0
7,ROI_19,ROI_9,0.0
7,ROI_19,ROI_7,0.0
7,ROI_21,ROI_3,0.0
7,ROI_17,ROI_57,0.0
7,ROI_17,ROI_44,0.0
7,ROI_17,ROI_45,0.0
7,ROI_17,ROI_46,0.0
7,ROI_17,ROI_47,0.0
7,ROI_17,ROI_48,0.0
7,ROI_17,ROI_49,0.0
7,ROI_17,ROI_50,0.0
7,ROI_17,ROI_51,0.0
7,ROI_17,ROI_52,0.0
7,ROI_17,ROI_53,0.0
7,ROI_17,ROI_54,0.0
7,ROI_17,ROI_55,0.0
7,ROI_17,ROI_58,0.0
7,ROI_19,ROI_6,0.0
7,ROI_17,ROI_59,0.0
7,ROI_17,ROI_60,0.0
7,ROI_17,ROI_61,0.0
7,ROI_17,ROI_62,0.0
7,ROI_18,ROI_1,0.0
7,ROI_18,ROI_2,0.0
7,ROI_18,ROI_3,0.0
7,ROI_18,ROI_4,0.0
7,ROI_18,ROI_5,0.0
7,ROI_18,ROI_6,0.0
7,ROI_18,ROI_7,0.0
7,ROI_18,ROI_8,0.0
7,ROI_17,ROI_43,0.0
7,ROI_17,ROI_42,0.0
7,ROI_17,ROI_41,0.0
7,ROI_17,ROI_39,0.0
7,ROI_17,ROI_13,0.0
7,ROI_17,ROI_14,0.0
7,ROI_17,ROI_15,0.0
7,ROI_17,ROI_16,0.0
7,ROI_17,ROI_17,0.0
7,ROI_17,ROI_18,0.0
7,ROI_17,ROI_19,0.0
7,ROI_17,ROI_20,0.0
7,ROI_17,ROI_21,0.0
7,ROI_17,ROI_22,0.0
7,ROI_17,ROI_23,0.0
7,ROI_17,ROI_25,0.0
7,ROI_17,ROI_26,0.0
7,ROI_17,ROI_27,0.0
7,ROI_17,ROI_28,0.0
7,ROI_17,ROI_29,0.0
7,ROI_17,ROI_30,0.0
7,ROI_17,ROI_31,0.0
7,ROI_17,ROI_32,0.0
7,ROI_17,ROI_33,0.0
7,ROI_17,ROI_34,0.0
7,ROI_17,ROI_35,0.0
7,ROI_17,ROI_36,0.0
7,ROI_17,ROI_37,0.0
7,ROI_17,ROI_38,0.0
7,ROI_18,ROI_9,0.0
7,ROI_18,ROI_10,0.0
7,ROI_18,ROI_11,0.0
7,ROI_18,ROI_40,0.0
7,ROI_18,ROI_42,0.0
7,ROI_18,ROI_43,0.0
7,ROI_18,ROI_44,0.0
7,ROI_18,ROI_45,0.0
7,ROI_18,ROI_46,0.0
7,ROI_18,ROI_47,0.0
7,ROI_18,ROI_48,0.0
7,ROI_18,ROI_49,0.0
7,ROI_18,ROI_50,0.0
7,ROI_18,ROI_51,0.0
7,ROI_18,ROI_52,0.0
7,ROI_18,ROI_53,0.0
7,ROI_18,ROI_54,0.0
7,ROI_18,ROI_55,0.0
7,ROI_18,ROI_56,0.0
7,ROI_18,ROI_57,0.0
7,ROI_18,ROI_58,0.0
7,ROI_18,ROI_59,0.0
7,ROI_18,ROI_60,0.0
7,ROI_18,ROI_61,0.0
7,ROI_18,ROI_62,0.0
7,ROI_19,ROI_1,0.0
7,ROI_19,ROI_2,0.0
7,ROI_19,ROI_4,0.0
7,ROI_19,ROI_5,0.0
7,ROI_18,ROI_41,0.0
7,ROI_18,ROI_39,0.0
7,ROI_18,ROI_12,0.0
7,ROI_18,ROI_38,0.0
7,ROI_18,ROI_13,0.0
7,ROI_18,ROI_14,0.0
7,ROI_18,ROI_15,0.0
7,ROI_18,ROI_16,0.0
7,ROI_18,ROI_17,0.0
7,ROI_18,ROI_18,0.0
7,ROI_18,ROI_19,0.0
7,ROI_18,ROI_20,0.0
7,ROI_18,ROI_21,0.0
7,ROI_18,ROI_22,0.0
7,ROI_18,ROI_23,0.0
7,ROI_18,ROI_24,0.0
7,ROI_18,ROI_25,0.0
7,ROI_18,ROI_26,0.0
7,ROI_18,ROI_27,0.0
7,ROI_18,ROI_28,0.0
7,ROI_18,ROI_29,0.0
7,ROI_18,ROI_30,0.0
7,ROI_18,ROI_31,0.0
7,ROI_18,ROI_32,0.0
7,ROI_18,ROI_33,0.0
7,ROI_18,ROI_34,0.0
7,ROI_18,ROI_35,0.0
7,ROI_18,ROI_36,0.0
7,ROI_18,ROI_37,0.0
7,ROI_21,ROI_2,0.0
7,ROI_21,ROI_4,0.0
7,ROI_24,ROI_62,0.0
7,ROI_23,ROI_45,0.0
7,ROI_23,ROI_33,0.0
7,ROI_23,ROI_34,0.0
7,ROI_23,ROI_35,0.0
7,ROI_23,ROI_36,0.0
7,ROI_23,ROI_37,0.0
7,ROI_23,ROI_38,0.0
7,ROI_23,ROI_39,0.0
7,ROI_23,ROI_40,0.0
7,ROI_23,ROI_41,0.0
7,ROI_23,ROI_42,0.0
7,ROI_23,ROI_43,0.0
7,ROI_23,ROI_44,0.0
7,ROI_23,ROI_47,0.0
7,ROI_22,ROI_61,0.0
7,ROI_23,ROI_48,0.0
7,ROI_23,ROI_50,0.0
7,ROI_23,ROI_51,0.0
7,ROI_23,ROI_52,0.0
7,ROI_23,ROI_53,0.0
7,ROI_23,ROI_54,0.0
7,ROI_23,ROI_55,0.0
7,ROI_23,ROI_56,0.0
7,ROI_23,ROI_57,0.0
7,ROI_23,ROI_58,0.0
7,ROI_23,ROI_59,0.0
7,ROI_23,ROI_60,0.0
7,ROI_23,ROI_31,0.0
7,ROI_23,ROI_30,0.0
7,ROI_23,ROI_29,0.0
7,ROI_23,ROI_28,0.0
7,ROI_23,ROI_1,0.0
7,ROI_23,ROI_2,0.0
7,ROI_23,ROI_3,0.0
7,ROI_23,ROI_4,0.0
7,ROI_23,ROI_5,0.0
7,ROI_23,ROI_6,0.0
7,ROI_23,ROI_7,0.0
7,ROI_23,ROI_9,0.0
7,ROI_23,ROI_10,0.0
7,ROI_23,ROI_11,0.0
7,ROI_23,ROI_12,0.0
7,ROI_23,ROI_13,0.0
7,ROI_23,ROI_14,0.0
7,ROI_23,ROI_15,0.0
7,ROI_23,ROI_17,0.0
7,ROI_23,ROI_18,0.0
7,ROI_23,ROI_19,0.0
7,ROI_23,ROI_20,0.0
7,ROI_23,ROI_21,0.0
7,ROI_23,ROI_22,0.0
7,ROI_23,ROI_23,0.0
7,ROI_23,ROI_24,0.0
7,ROI_23,ROI_25,0.0
7,ROI_23,ROI_26,0.0
7,ROI_23,ROI_27,0.0
7,ROI_23,ROI_61,0.0
7,ROI_23,ROI_62,0.0
7,ROI_24,ROI_1,0.0
7,ROI_24,ROI_32,0.0
7,ROI_24,ROI_34,0.0
7,ROI_24,ROI_36,0.0
7,ROI_24,ROI_37,0.0
7,ROI_24,ROI_38,0.0
7,ROI_24,ROI_39,0.0
7,ROI_24,ROI_40,0.0
7,ROI_24,ROI_41,0.0
7,ROI_24,ROI_42,0.0
7,ROI_24,ROI_43,0.0
7,ROI_24,ROI_44,0.0
7,ROI_24,ROI_45,0.0
7,ROI_24,ROI_46,0.0
7,ROI_24,ROI_48,0.0
7,ROI_24,ROI_49,0.0
7,ROI_24,ROI_50,0.0
7,ROI_24,ROI_51,0.0
7,ROI_24,ROI_52,0.0
7,ROI_24,ROI_53,0.0
7,ROI_24,ROI_54,0.0
7,ROI_24,ROI_55,0.0
7,ROI_24,ROI_57,0.0
7,ROI_24,ROI_58,0.0
7,ROI_24,ROI_59,0.0
7,ROI_24,ROI_60,0.0
7,ROI_24,ROI_61,0.0
7,ROI_24,ROI_33,0.0
7,ROI_24,ROI_30,0.0
7,ROI_24,ROI_2,0.0
7,ROI_24,ROI_29,0.0
7,ROI_24,ROI_3,0.0
7,ROI_24,ROI_4,0.0
7,ROI_24,ROI_5,0.0
7,ROI_24,ROI_6,0.0
7,ROI_24,ROI_7,0.0
7,ROI_24,ROI_8,0.0
7,ROI_24,ROI_9,0.0
7,ROI_24,ROI_10,0.0
7,ROI_24,ROI_11,0.0
7,ROI_24,ROI_12,0.0
7,ROI_24,ROI_13,0.0
7,ROI_24,ROI_14,0.0
7,ROI_24,ROI_15,0.0
7,ROI_24,ROI_16,0.0
7,ROI_24,ROI_17,0.0
7,ROI_24,ROI_18,0.0
7,ROI_24,ROI_19,0.0
7,ROI_24,ROI_20,0.0
7,ROI_24,ROI_21,0.0
7,ROI_24,ROI_22,0.0
7,ROI_24,ROI_23,0.0
7,ROI_24,ROI_24,0.0
7,ROI_24,ROI_25,0.0
7,ROI_24,ROI_26,0.0
7,ROI_24,ROI_27,0.0
7,ROI_22,ROI_62,0.0
7,ROI_22,ROI_60,0.0
7,ROI_21,ROI_5,0.0
7,ROI_21,ROI_47,0.0
7,ROI_21,ROI_35,0.0
7,ROI_21,ROI_36,0.0
7,ROI_21,ROI_37,0.0
7,ROI_21,ROI_38,0.0
7,ROI_21,ROI_39,0.0
7,ROI_21,ROI_40,0.0
7,ROI_21,ROI_41,0.0
7,ROI_21,ROI_42,0.0
7,ROI_21,ROI_43,0.0
7,ROI_21,ROI_44,0.0
7,ROI_21,ROI_45,0.0
7,ROI_21,ROI_46,0.0
7,ROI_21,ROI_48,0.0
7,ROI_22,ROI_59,0.0
7,ROI_21,ROI_49,0.0
7,ROI_21,ROI_50,0.0
7,ROI_21,ROI_51,0.0
7,ROI_21,ROI_52,0.0
7,ROI_21,ROI_53,0.0
7,ROI_21,ROI_54,0.0
7,ROI_21,ROI_55,0.0
7,ROI_21,ROI_56,0.0
7,ROI_21,ROI_57,0.0
7,ROI_21,ROI_58,0.0
7,ROI_21,ROI_59,0.0
7,ROI_21,ROI_60,0.0
7,ROI_21,ROI_34,0.0
7,ROI_21,ROI_33,0.0
7,ROI_21,ROI_32,0.0
7,ROI_21,ROI_31,0.0
7,ROI_21,ROI_6,0.0
7,ROI_21,ROI_7,0.0
7,ROI_21,ROI_8,0.0
7,ROI_21,ROI_9,0.0
7,ROI_21,ROI_10,0.0
7,ROI_21,ROI_11,0.0
7,ROI_21,ROI_12,0.0
7,ROI_21,ROI_13,0.0
7,ROI_21,ROI_14,0.0
7,ROI_21,ROI_15,0.0
7,ROI_21,ROI_16,0.0
7,ROI_21,ROI_17,0.0
7,ROI_21,ROI_18,0.0
7,ROI_21,ROI_19,0.0
7,ROI_21,ROI_20,0.0
7,ROI_21,ROI_21,0.0
7,ROI_21,ROI_22,0.0
7,ROI_21,ROI_23,0.0
7,ROI_21,ROI_24,0.0
7,ROI_21,ROI_25,0.0
7,ROI_21,ROI_26,0.0
7,ROI_21,ROI_27,0.0
7,ROI_21,ROI_28,0.0
7,ROI_21,ROI_29,0.0
7,ROI_21,ROI_30,0.0
7,ROI_21,ROI_61,0.0
7,ROI_21,ROI_62,0.0
7,ROI_22,ROI_1,0.0
7,ROI_22,ROI_32,0.0
7,ROI_22,ROI_34,0.0
7,ROI_22,ROI_35,0.0
7,ROI_22,ROI_36,0.0
7,ROI_22,ROI_37,0.0
7,ROI_22,ROI_38,0.0
7,ROI_22,ROI_39,0.0
7,ROI_22,ROI_40,0.0
7,ROI_22,ROI_41,0.0
7,ROI_22,ROI_42,0.0
7,ROI_22,ROI_43,0.0
7,ROI_22,ROI_44,0.0
7,ROI_22,ROI_45,0.0
7,ROI_22,ROI_46,0.0
7,ROI_22,ROI_47,0.0
7,ROI_22,ROI_48,0.0
7,ROI_22,ROI_49,0.0
7,ROI_22,ROI_50,0.0
7,ROI_22,ROI_51,0.0
7,ROI_22,ROI_52,0.0
7,ROI_22,ROI_53,0.0
7,ROI_22,ROI_54,0.0
7,ROI_22,ROI_55,0.0
7,ROI_22,ROI_56,0.0
7,ROI_22,ROI_57,0.0
7,ROI_22,ROI_58,0.0
7,ROI_22,ROI_33,0.0
7,ROI_22,ROI_31,0.0
7,ROI_22,ROI_2,0.0
7,ROI_22,ROI_30,0.0
7,ROI_22,ROI_3,0.0
7,ROI_22,ROI_4,0.0
7,ROI_22,ROI_5,0.0
7,ROI_22,ROI_6,0.0
7,ROI_22,ROI_7,0.0
7,ROI_22,ROI_8,0.0
7,ROI_22,ROI_9,0.0
7,ROI_22,ROI_10,0.0
7,ROI_22,ROI_11,0.0
7,ROI_22,ROI_12,0.0
7,ROI_22,ROI_13,0.0
7,ROI_22,ROI_14,0.0
7,ROI_22,ROI_15,0.0
7,ROI_22,ROI_16,0.0
7,ROI_22,ROI_17,0.0
7,ROI_22,ROI_18,0.0
7,ROI_22,ROI_20,0.0
7,ROI_22,ROI_21,0.0
7,ROI_22,ROI_22,0.0
7,ROI_22,ROI_23,0.0
7,ROI_22,ROI_25,0.0
7,ROI_22,ROI_26,0.0
7,ROI_22,ROI_27,0.0
7,ROI_22,ROI_28,0.0
7,ROI_22,ROI_29,0.0
7,ROI_62,ROI_62,0.0
